lab_name,transfer_mode,protocol_name,display_name,active_total_nominal,masked_total,sensor,sensor_is_active,variable,rmse,mae,r2
lab1,lab1_reference,lab2_all13,Lab2 all 13 active,13,0,1,1,temperature,0.19686036925977274,0.1330500990152359,0.903296683874832
lab1,lab1_reference,lab2_all13,Lab2 all 13 active,13,0,1,1,humidity,0.6828495006880394,0.4859061539173126,0.9841892826685319
lab1,lab1_reference,lab2_all13,Lab2 all 13 active,13,0,2,1,temperature,0.09726231753229601,0.07358115166425705,0.9883325614800917
lab1,lab1_reference,lab2_all13,Lab2 all 13 active,13,0,2,1,humidity,0.3726774653507708,0.26124846935272217,0.9951025819372111
lab1,lab1_reference,lab2_all13,Lab2 all 13 active,13,0,3,1,temperature,0.08701823988259946,0.06982221454381943,0.986157504020598
lab1,lab1_reference,lab2_all13,Lab2 all 13 active,13,0,3,1,humidity,0.4862956300473237,0.3952357769012451,0.9910146395625449
lab1,lab1_reference,lab2_all13,Lab2 all 13 active,13,0,4,1,temperature,0.08426266130140654,0.06674156337976456,0.9802765508031034
lab1,lab1_reference,lab2_all13,Lab2 all 13 active,13,0,4,1,humidity,0.4470397512140244,0.35042643547058105,0.9912648577714036
lab1,lab1_reference,lab2_all13,Lab2 all 13 active,13,0,5,1,temperature,0.056341681337173634,0.04481986537575722,0.9925124410967029
lab1,lab1_reference,lab2_all13,Lab2 all 13 active,13,0,5,1,humidity,0.3342411548796584,0.2696872651576996,0.995736274155635
lab1,lab1_reference,lab2_all13,Lab2 all 13 active,13,0,6,1,temperature,0.11657120854289217,0.0787438377737999,0.9880373168074464
lab1,lab1_reference,lab2_all13,Lab2 all 13 active,13,0,6,1,humidity,0.5523196979989102,0.39323481917381287,0.9907047233358177
lab1,lab1_reference,lab2_all13,Lab2 all 13 active,13,0,7,1,temperature,0.05147070471309407,0.03702191263437271,0.9939345121048062
lab1,lab1_reference,lab2_all13,Lab2 all 13 active,13,0,7,1,humidity,0.32029625223401553,0.22888121008872986,0.9958811515678636
lab1,lab1_reference,lab2_all13,Lab2 all 13 active,13,0,8,1,temperature,0.06786942308414276,0.0515911765396595,0.9907534992879385
lab1,lab1_reference,lab2_all13,Lab2 all 13 active,13,0,8,1,humidity,0.2304826748407497,0.17750494182109833,0.9981381956359436
lab1,lab1_reference,lab2_all13,Lab2 all 13 active,13,0,9,1,temperature,0.1000601442340886,0.07778791338205338,0.984952498873128
lab1,lab1_reference,lab2_all13,Lab2 all 13 active,13,0,9,1,humidity,0.44134954915419633,0.35116875171661377,0.9938232745128629
lab1,lab1_reference,lab2_all13,Lab2 all 13 active,13,0,10,1,temperature,0.06767476109978475,0.05068183317780495,0.9898875639353435
lab1,lab1_reference,lab2_all13,Lab2 all 13 active,13,0,10,1,humidity,0.3277070016989518,0.24901539087295532,0.995874738208679
lab1,lab1_reference,lab2_all13,Lab2 all 13 active,13,0,11,1,temperature,0.09282069257580208,0.06346637010574341,0.9816945008027724
lab1,lab1_reference,lab2_all13,Lab2 all 13 active,13,0,11,1,humidity,0.31967984500792473,0.25166088342666626,0.995765897370602
lab1,lab1_reference,lab2_all13,Lab2 all 13 active,13,0,12,1,temperature,0.06987586478916306,0.046805575489997864,0.9897719652313256
lab1,lab1_reference,lab2_all13,Lab2 all 13 active,13,0,12,1,humidity,0.3389500343562738,0.24064390361309052,0.9959952287780739
lab1,lab1_reference,lab2_all13,Lab2 all 13 active,13,0,13,1,temperature,0.5333555513711191,0.22768329083919525,0.7770428367430093
lab1,lab1_reference,lab2_all13,Lab2 all 13 active,13,0,13,1,humidity,1.485327084030506,0.7518181800842285,0.8865605434239444
lab1,lab1_reference,lab2_active_2_4_5_6_9,"Lab2 active set [2, 4, 5, 6, 9]",5,8,1,0,temperature,0.2124001426144254,0.14636772871017456,0.8874269664234812
lab1,lab1_reference,lab2_active_2_4_5_6_9,"Lab2 active set [2, 4, 5, 6, 9]",5,8,1,0,humidity,0.7662143774293281,0.5790659785270691,0.9800931655925197
lab1,lab1_reference,lab2_active_2_4_5_6_9,"Lab2 active set [2, 4, 5, 6, 9]",5,8,2,1,temperature,0.13820434387557984,0.10757050663232803,0.9764424745739656
lab1,lab1_reference,lab2_active_2_4_5_6_9,"Lab2 active set [2, 4, 5, 6, 9]",5,8,2,1,humidity,0.5392278887478076,0.44613784551620483,0.9897471269750827
lab1,lab1_reference,lab2_active_2_4_5_6_9,"Lab2 active set [2, 4, 5, 6, 9]",5,8,3,0,temperature,0.134267029799645,0.10369696468114853,0.9670441464024558
lab1,lab1_reference,lab2_active_2_4_5_6_9,"Lab2 active set [2, 4, 5, 6, 9]",5,8,3,0,humidity,0.5928291407749602,0.4915059506893158,0.9866465384384416
lab1,lab1_reference,lab2_active_2_4_5_6_9,"Lab2 active set [2, 4, 5, 6, 9]",5,8,4,1,temperature,0.11486318174090954,0.09795597940683365,0.9633499808143087
lab1,lab1_reference,lab2_active_2_4_5_6_9,"Lab2 active set [2, 4, 5, 6, 9]",5,8,4,1,humidity,0.47087070441963924,0.37408095598220825,0.9903087224107626
lab1,lab1_reference,lab2_active_2_4_5_6_9,"Lab2 active set [2, 4, 5, 6, 9]",5,8,5,1,temperature,0.06995222389381253,0.052527543157339096,0.9884579302107285
lab1,lab1_reference,lab2_active_2_4_5_6_9,"Lab2 active set [2, 4, 5, 6, 9]",5,8,5,1,humidity,0.47866149547412623,0.3734098970890045,0.9912556721599055
lab1,lab1_reference,lab2_active_2_4_5_6_9,"Lab2 active set [2, 4, 5, 6, 9]",5,8,6,1,temperature,0.18064408062930123,0.11470069736242294,0.9712727885040182
lab1,lab1_reference,lab2_active_2_4_5_6_9,"Lab2 active set [2, 4, 5, 6, 9]",5,8,6,1,humidity,0.6306397613824192,0.45875996351242065,0.9878816374963435
lab1,lab1_reference,lab2_active_2_4_5_6_9,"Lab2 active set [2, 4, 5, 6, 9]",5,8,7,0,temperature,0.057788712772503976,0.04485313966870308,0.9923540480233924
lab1,lab1_reference,lab2_active_2_4_5_6_9,"Lab2 active set [2, 4, 5, 6, 9]",5,8,7,0,humidity,0.34649646914253324,0.26315003633499146,0.9951797484370201
lab1,lab1_reference,lab2_active_2_4_5_6_9,"Lab2 active set [2, 4, 5, 6, 9]",5,8,8,0,temperature,0.10216127008681206,0.07306642085313797,0.979049148454861
lab1,lab1_reference,lab2_active_2_4_5_6_9,"Lab2 active set [2, 4, 5, 6, 9]",5,8,8,0,humidity,0.35580183499861756,0.2681874930858612,0.9955631593279354
lab1,lab1_reference,lab2_active_2_4_5_6_9,"Lab2 active set [2, 4, 5, 6, 9]",5,8,9,1,temperature,0.20366263763351908,0.14962655305862427,0.9376602800302181
lab1,lab1_reference,lab2_active_2_4_5_6_9,"Lab2 active set [2, 4, 5, 6, 9]",5,8,9,1,humidity,0.7145130664172585,0.560731828212738,0.983811250975741
lab1,lab1_reference,lab2_active_2_4_5_6_9,"Lab2 active set [2, 4, 5, 6, 9]",5,8,10,0,temperature,0.08309830893616751,0.06623004376888275,0.9847529182814692
lab1,lab1_reference,lab2_active_2_4_5_6_9,"Lab2 active set [2, 4, 5, 6, 9]",5,8,10,0,humidity,0.4360082432214804,0.3568741977214813,0.9926975354767944
lab1,lab1_reference,lab2_active_2_4_5_6_9,"Lab2 active set [2, 4, 5, 6, 9]",5,8,11,0,temperature,0.10083235029195894,0.07938295602798462,0.9783981088683009
lab1,lab1_reference,lab2_active_2_4_5_6_9,"Lab2 active set [2, 4, 5, 6, 9]",5,8,11,0,humidity,0.44935310676521983,0.3476617932319641,0.9916342213932953
lab1,lab1_reference,lab2_active_2_4_5_6_9,"Lab2 active set [2, 4, 5, 6, 9]",5,8,12,0,temperature,0.11625303980354897,0.08583660423755646,0.9716895707575327
lab1,lab1_reference,lab2_active_2_4_5_6_9,"Lab2 active set [2, 4, 5, 6, 9]",5,8,12,0,humidity,0.48851723118439755,0.3797823488712311,0.991681095709211
lab1,lab1_reference,lab2_active_2_4_5_6_9,"Lab2 active set [2, 4, 5, 6, 9]",5,8,13,0,temperature,0.7227553428550063,0.3130614161491394,0.5905787112511545
lab1,lab1_reference,lab2_active_2_4_5_6_9,"Lab2 active set [2, 4, 5, 6, 9]",5,8,13,0,humidity,1.9436439190831336,1.0442014932632446,0.805753436151959
lab1,lab1_reference,lab2_active_3_4_5_6_7,"Lab2 active set [3, 4, 5, 6, 7]",5,8,1,0,temperature,0.20985085018754673,0.14349286258220673,0.8901130169547002
lab1,lab1_reference,lab2_active_3_4_5_6_7,"Lab2 active set [3, 4, 5, 6, 7]",5,8,1,0,humidity,0.746606460880147,0.5458208918571472,0.9810989862121129
lab1,lab1_reference,lab2_active_3_4_5_6_7,"Lab2 active set [3, 4, 5, 6, 7]",5,8,2,0,temperature,0.12128812817199855,0.0996052697300911,0.981856424690492
lab1,lab1_reference,lab2_active_3_4_5_6_7,"Lab2 active set [3, 4, 5, 6, 7]",5,8,2,0,humidity,0.4665999695537932,0.36367908120155334,0.9923230220023972
lab1,lab1_reference,lab2_active_3_4_5_6_7,"Lab2 active set [3, 4, 5, 6, 7]",5,8,3,1,temperature,0.20263274774911796,0.13763976097106934,0.9249392200096993
lab1,lab1_reference,lab2_active_3_4_5_6_7,"Lab2 active set [3, 4, 5, 6, 7]",5,8,3,1,humidity,0.8050771714176637,0.6611716747283936,0.9753730958086743
lab1,lab1_reference,lab2_active_3_4_5_6_7,"Lab2 active set [3, 4, 5, 6, 7]",5,8,4,1,temperature,0.07338919192070881,0.05869485065340996,0.9850384451261341
lab1,lab1_reference,lab2_active_3_4_5_6_7,"Lab2 active set [3, 4, 5, 6, 7]",5,8,4,1,humidity,0.3877011353946676,0.30530548095703125,0.993429902229892
lab1,lab1_reference,lab2_active_3_4_5_6_7,"Lab2 active set [3, 4, 5, 6, 7]",5,8,5,1,temperature,0.048762460901910394,0.03409565985202789,0.9943914335982765
lab1,lab1_reference,lab2_active_3_4_5_6_7,"Lab2 active set [3, 4, 5, 6, 7]",5,8,5,1,humidity,0.2960106791014881,0.23410600423812866,0.9966558620632089
lab1,lab1_reference,lab2_active_3_4_5_6_7,"Lab2 active set [3, 4, 5, 6, 7]",5,8,6,1,temperature,0.26227229210154995,0.18421827256679535,0.9394448866178666
lab1,lab1_reference,lab2_active_3_4_5_6_7,"Lab2 active set [3, 4, 5, 6, 7]",5,8,6,1,humidity,1.296922108357626,1.0063968896865845,0.9487482089568342
lab1,lab1_reference,lab2_active_3_4_5_6_7,"Lab2 active set [3, 4, 5, 6, 7]",5,8,7,1,temperature,0.055325812624210276,0.04214804619550705,0.9929918862365289
lab1,lab1_reference,lab2_active_3_4_5_6_7,"Lab2 active set [3, 4, 5, 6, 7]",5,8,7,1,humidity,0.3241810259646033,0.23293666541576385,0.9957806332944638
lab1,lab1_reference,lab2_active_3_4_5_6_7,"Lab2 active set [3, 4, 5, 6, 7]",5,8,8,0,temperature,0.08641664273498655,0.061383605003356934,0.9850092322596777
lab1,lab1_reference,lab2_active_3_4_5_6_7,"Lab2 active set [3, 4, 5, 6, 7]",5,8,8,0,humidity,0.29397636072171707,0.22215396165847778,0.9969711184754231
lab1,lab1_reference,lab2_active_3_4_5_6_7,"Lab2 active set [3, 4, 5, 6, 7]",5,8,9,0,temperature,0.1150998486022488,0.09386246651411057,0.9800890661425946
lab1,lab1_reference,lab2_active_3_4_5_6_7,"Lab2 active set [3, 4, 5, 6, 7]",5,8,9,0,humidity,0.5462619887985184,0.4599427282810211,0.9905377397441147
lab1,lab1_reference,lab2_active_3_4_5_6_7,"Lab2 active set [3, 4, 5, 6, 7]",5,8,10,0,temperature,0.07793905959503773,0.06292655318975449,0.9865874097861467
lab1,lab1_reference,lab2_active_3_4_5_6_7,"Lab2 active set [3, 4, 5, 6, 7]",5,8,10,0,humidity,0.3686818698402084,0.29164618253707886,0.9947786402275999
lab1,lab1_reference,lab2_active_3_4_5_6_7,"Lab2 active set [3, 4, 5, 6, 7]",5,8,11,0,temperature,0.09855973019514895,0.07710283249616623,0.9793608880292447
lab1,lab1_reference,lab2_active_3_4_5_6_7,"Lab2 active set [3, 4, 5, 6, 7]",5,8,11,0,humidity,0.3730356304611042,0.3055833876132965,0.9942345727087633
lab1,lab1_reference,lab2_active_3_4_5_6_7,"Lab2 active set [3, 4, 5, 6, 7]",5,8,12,0,temperature,0.09793621939203463,0.06614534556865692,0.9799079402795445
lab1,lab1_reference,lab2_active_3_4_5_6_7,"Lab2 active set [3, 4, 5, 6, 7]",5,8,12,0,humidity,0.44658952944875785,0.33573952317237854,0.99304778129104
lab1,lab1_reference,lab2_active_3_4_5_6_7,"Lab2 active set [3, 4, 5, 6, 7]",5,8,13,0,temperature,0.5798095697984981,0.2953808009624481,0.7365133756680631
lab1,lab1_reference,lab2_active_3_4_5_6_7,"Lab2 active set [3, 4, 5, 6, 7]",5,8,13,0,humidity,1.6553167196820995,0.9921751618385315,0.8591093640651333
lab1,lab1_reference,lab2_active_2_7_9_10_11,"Lab2 active set [2, 7, 9, 10, 11]",5,8,1,0,temperature,0.21835725302168457,0.14291439950466156,0.8810238227510724
lab1,lab1_reference,lab2_active_2_7_9_10_11,"Lab2 active set [2, 7, 9, 10, 11]",5,8,1,0,humidity,0.8307448637783762,0.6119385361671448,0.976598864349108
lab1,lab1_reference,lab2_active_2_7_9_10_11,"Lab2 active set [2, 7, 9, 10, 11]",5,8,2,1,temperature,0.19322333704096728,0.13994592428207397,0.9539525629141099
lab1,lab1_reference,lab2_active_2_7_9_10_11,"Lab2 active set [2, 7, 9, 10, 11]",5,8,2,1,humidity,0.8489013176867247,0.6592130661010742,0.9745893775519204
lab1,lab1_reference,lab2_active_2_7_9_10_11,"Lab2 active set [2, 7, 9, 10, 11]",5,8,3,0,temperature,0.1354016760329357,0.09451501071453094,0.966484794317805
lab1,lab1_reference,lab2_active_2_7_9_10_11,"Lab2 active set [2, 7, 9, 10, 11]",5,8,3,0,humidity,0.6247997916942938,0.503227710723877,0.985167425298111
lab1,lab1_reference,lab2_active_2_7_9_10_11,"Lab2 active set [2, 7, 9, 10, 11]",5,8,4,0,temperature,0.10300320979928146,0.08270683884620667,0.9705276974518106
lab1,lab1_reference,lab2_active_2_7_9_10_11,"Lab2 active set [2, 7, 9, 10, 11]",5,8,4,0,humidity,0.5150297948866372,0.42562150955200195,0.9884057569082381
lab1,lab1_reference,lab2_active_2_7_9_10_11,"Lab2 active set [2, 7, 9, 10, 11]",5,8,5,0,temperature,0.0745004934202166,0.05712747946381569,0.9869082129049853
lab1,lab1_reference,lab2_active_2_7_9_10_11,"Lab2 active set [2, 7, 9, 10, 11]",5,8,5,0,humidity,0.4147312054747421,0.3296424150466919,0.9934354818595775
lab1,lab1_reference,lab2_active_2_7_9_10_11,"Lab2 active set [2, 7, 9, 10, 11]",5,8,6,0,temperature,0.14370485483181733,0.10005000233650208,0.9818202092109157
lab1,lab1_reference,lab2_active_2_7_9_10_11,"Lab2 active set [2, 7, 9, 10, 11]",5,8,6,0,humidity,0.5574264333708343,0.41000327467918396,0.9905320412380184
lab1,lab1_reference,lab2_active_2_7_9_10_11,"Lab2 active set [2, 7, 9, 10, 11]",5,8,7,1,temperature,0.0733057159838324,0.05584508180618286,0.9876967118787987
lab1,lab1_reference,lab2_active_2_7_9_10_11,"Lab2 active set [2, 7, 9, 10, 11]",5,8,7,1,humidity,0.42099035193222784,0.3195268213748932,0.9928843205616031
lab1,lab1_reference,lab2_active_2_7_9_10_11,"Lab2 active set [2, 7, 9, 10, 11]",5,8,8,0,temperature,0.12139843479860807,0.08782969415187836,0.9704161107487836
lab1,lab1_reference,lab2_active_2_7_9_10_11,"Lab2 active set [2, 7, 9, 10, 11]",5,8,8,0,humidity,0.40240400289086004,0.30030307173728943,0.9943247885268133
lab1,lab1_reference,lab2_active_2_7_9_10_11,"Lab2 active set [2, 7, 9, 10, 11]",5,8,9,1,temperature,0.1906294532943596,0.1436750888824463,0.9453837163603045
lab1,lab1_reference,lab2_active_2_7_9_10_11,"Lab2 active set [2, 7, 9, 10, 11]",5,8,9,1,humidity,0.6724226959283781,0.5410817861557007,0.9856623603754415
lab1,lab1_reference,lab2_active_2_7_9_10_11,"Lab2 active set [2, 7, 9, 10, 11]",5,8,10,1,temperature,0.07569565215493744,0.05855131894350052,0.9873484360161385
lab1,lab1_reference,lab2_active_2_7_9_10_11,"Lab2 active set [2, 7, 9, 10, 11]",5,8,10,1,humidity,0.4179266436036624,0.3109811842441559,0.9932906543497635
lab1,lab1_reference,lab2_active_2_7_9_10_11,"Lab2 active set [2, 7, 9, 10, 11]",5,8,11,1,temperature,0.08899035145698486,0.06755337864160538,0.9831741192135759
lab1,lab1_reference,lab2_active_2_7_9_10_11,"Lab2 active set [2, 7, 9, 10, 11]",5,8,11,1,humidity,0.3687537047636491,0.28821590542793274,0.9943661709002277
lab1,lab1_reference,lab2_active_2_7_9_10_11,"Lab2 active set [2, 7, 9, 10, 11]",5,8,12,0,temperature,0.12945217791793892,0.0820218026638031,0.9648960069084715
lab1,lab1_reference,lab2_active_2_7_9_10_11,"Lab2 active set [2, 7, 9, 10, 11]",5,8,12,0,humidity,0.5468187030698082,0.40491294860839844,0.9895769920592151
lab1,lab1_reference,lab2_active_2_7_9_10_11,"Lab2 active set [2, 7, 9, 10, 11]",5,8,13,0,temperature,0.6617370954220152,0.34408921003341675,0.6567909292952945
lab1,lab1_reference,lab2_active_2_7_9_10_11,"Lab2 active set [2, 7, 9, 10, 11]",5,8,13,0,humidity,2.057243121254445,1.253307819366455,0.7823838331516033
lab1,lab1_reference,lab2_active_1_6_7_8_9,"Lab2 active set [1, 6, 7, 8, 9]",5,8,1,1,temperature,0.21447349201481083,0.15076135098934174,0.8852184661390288
lab1,lab1_reference,lab2_active_1_6_7_8_9,"Lab2 active set [1, 6, 7, 8, 9]",5,8,1,1,humidity,0.7677539109702135,0.5640344023704529,0.9800130889871764
lab1,lab1_reference,lab2_active_1_6_7_8_9,"Lab2 active set [1, 6, 7, 8, 9]",5,8,2,0,temperature,0.1178561407368907,0.09266819059848785,0.98286868417053
lab1,lab1_reference,lab2_active_1_6_7_8_9,"Lab2 active set [1, 6, 7, 8, 9]",5,8,2,0,humidity,0.5079582592043091,0.40128570795059204,0.9909017691808863
lab1,lab1_reference,lab2_active_1_6_7_8_9,"Lab2 active set [1, 6, 7, 8, 9]",5,8,3,0,temperature,0.10106122583000088,0.07967706769704819,0.9813291989801652
lab1,lab1_reference,lab2_active_1_6_7_8_9,"Lab2 active set [1, 6, 7, 8, 9]",5,8,3,0,humidity,0.5574457870519229,0.44703441858291626,0.988192986979491
lab1,lab1_reference,lab2_active_1_6_7_8_9,"Lab2 active set [1, 6, 7, 8, 9]",5,8,4,0,temperature,0.1029495424595916,0.08117754757404327,0.9705584032336566
lab1,lab1_reference,lab2_active_1_6_7_8_9,"Lab2 active set [1, 6, 7, 8, 9]",5,8,4,0,humidity,0.4420201918512277,0.35571062564849854,0.9914599202357
lab1,lab1_reference,lab2_active_1_6_7_8_9,"Lab2 active set [1, 6, 7, 8, 9]",5,8,5,0,temperature,0.06870873619031947,0.05358021333813667,0.9888646325685021
lab1,lab1_reference,lab2_active_1_6_7_8_9,"Lab2 active set [1, 6, 7, 8, 9]",5,8,5,0,humidity,0.35497039402828606,0.28826403617858887,0.9951910119277124
lab1,lab1_reference,lab2_active_1_6_7_8_9,"Lab2 active set [1, 6, 7, 8, 9]",5,8,6,1,temperature,0.22230952018829894,0.13428792357444763,0.9564927013629485
lab1,lab1_reference,lab2_active_1_6_7_8_9,"Lab2 active set [1, 6, 7, 8, 9]",5,8,6,1,humidity,0.9616807373864235,0.6823696494102478,0.9718198640825761
lab1,lab1_reference,lab2_active_1_6_7_8_9,"Lab2 active set [1, 6, 7, 8, 9]",5,8,7,1,temperature,0.10649229465233236,0.08077427744865417,0.9740353854895551
lab1,lab1_reference,lab2_active_1_6_7_8_9,"Lab2 active set [1, 6, 7, 8, 9]",5,8,7,1,humidity,0.47809306580354743,0.36790794134140015,0.9908230793051076
lab1,lab1_reference,lab2_active_1_6_7_8_9,"Lab2 active set [1, 6, 7, 8, 9]",5,8,8,1,temperature,0.0839028295249557,0.062287092208862305,0.9858686929871636
lab1,lab1_reference,lab2_active_1_6_7_8_9,"Lab2 active set [1, 6, 7, 8, 9]",5,8,8,1,humidity,0.2685703619804262,0.20194755494594574,0.997472020094428
lab1,lab1_reference,lab2_active_1_6_7_8_9,"Lab2 active set [1, 6, 7, 8, 9]",5,8,9,1,temperature,0.10771770923085151,0.08418729156255722,0.982561210844633
lab1,lab1_reference,lab2_active_1_6_7_8_9,"Lab2 active set [1, 6, 7, 8, 9]",5,8,9,1,humidity,0.4847233965214906,0.3725643754005432,0.9925495773120953
lab1,lab1_reference,lab2_active_1_6_7_8_9,"Lab2 active set [1, 6, 7, 8, 9]",5,8,10,0,temperature,0.09594531457679062,0.07168839871883392,0.9796740944504319
lab1,lab1_reference,lab2_active_1_6_7_8_9,"Lab2 active set [1, 6, 7, 8, 9]",5,8,10,0,humidity,0.39020702888663134,0.2925349771976471,0.9941511534242818
lab1,lab1_reference,lab2_active_1_6_7_8_9,"Lab2 active set [1, 6, 7, 8, 9]",5,8,11,0,temperature,0.11691948521557723,0.08819971233606339,0.970955375721853
lab1,lab1_reference,lab2_active_1_6_7_8_9,"Lab2 active set [1, 6, 7, 8, 9]",5,8,11,0,humidity,0.38821898484992523,0.3106410503387451,0.9937556906776478
lab1,lab1_reference,lab2_active_1_6_7_8_9,"Lab2 active set [1, 6, 7, 8, 9]",5,8,12,0,temperature,0.06832415150106988,0.04900437220931053,0.990221183267588
lab1,lab1_reference,lab2_active_1_6_7_8_9,"Lab2 active set [1, 6, 7, 8, 9]",5,8,12,0,humidity,0.3594214575219952,0.26612088084220886,0.9954968713526269
lab1,lab1_reference,lab2_active_1_6_7_8_9,"Lab2 active set [1, 6, 7, 8, 9]",5,8,13,0,temperature,0.7198200139280128,0.2856168746948242,0.5938975031237704
lab1,lab1_reference,lab2_active_1_6_7_8_9,"Lab2 active set [1, 6, 7, 8, 9]",5,8,13,0,humidity,2.0226911545471666,0.9394205808639526,0.789632279049301
lab1,lab1_reference,lab2_active_6_7_8_10_12,"Lab2 active set [6, 7, 8, 10, 12]",5,8,1,0,temperature,0.17918272228344645,0.12030129879713058,0.9198844140669794
lab1,lab1_reference,lab2_active_6_7_8_10_12,"Lab2 active set [6, 7, 8, 10, 12]",5,8,1,0,humidity,0.6118660166142329,0.44894587993621826,0.9873055396121453
lab1,lab1_reference,lab2_active_6_7_8_10_12,"Lab2 active set [6, 7, 8, 10, 12]",5,8,2,0,temperature,0.09154069948568105,0.07322581112384796,0.9896648982207499
lab1,lab1_reference,lab2_active_6_7_8_10_12,"Lab2 active set [6, 7, 8, 10, 12]",5,8,2,0,humidity,0.4042768611653518,0.3072724938392639,0.9942368667503093
lab1,lab1_reference,lab2_active_6_7_8_10_12,"Lab2 active set [6, 7, 8, 10, 12]",5,8,3,0,temperature,0.09206604048213499,0.07229701429605484,0.9845049588258794
lab1,lab1_reference,lab2_active_6_7_8_10_12,"Lab2 active set [6, 7, 8, 10, 12]",5,8,3,0,humidity,0.5388600618915149,0.423293799161911,0.9889671741409061
lab1,lab1_reference,lab2_active_6_7_8_10_12,"Lab2 active set [6, 7, 8, 10, 12]",5,8,4,0,temperature,0.10247169279658339,0.08434999734163284,0.9708310797169193
lab1,lab1_reference,lab2_active_6_7_8_10_12,"Lab2 active set [6, 7, 8, 10, 12]",5,8,4,0,humidity,0.4339818677992894,0.3541032671928406,0.9917677062155826
lab1,lab1_reference,lab2_active_6_7_8_10_12,"Lab2 active set [6, 7, 8, 10, 12]",5,8,5,0,temperature,0.06303946315587473,0.04991032928228378,0.9906264169375768
lab1,lab1_reference,lab2_active_6_7_8_10_12,"Lab2 active set [6, 7, 8, 10, 12]",5,8,5,0,humidity,0.3128418602250465,0.24996216595172882,0.9962647544473843
lab1,lab1_reference,lab2_active_6_7_8_10_12,"Lab2 active set [6, 7, 8, 10, 12]",5,8,6,1,temperature,0.28293367919465545,0.20026053488254547,0.9295282115197052
lab1,lab1_reference,lab2_active_6_7_8_10_12,"Lab2 active set [6, 7, 8, 10, 12]",5,8,6,1,humidity,1.3457964019117303,1.060433268547058,0.9448125960668222
lab1,lab1_reference,lab2_active_6_7_8_10_12,"Lab2 active set [6, 7, 8, 10, 12]",5,8,7,1,temperature,0.07635171152949487,0.05918543040752411,0.9866530179018336
lab1,lab1_reference,lab2_active_6_7_8_10_12,"Lab2 active set [6, 7, 8, 10, 12]",5,8,7,1,humidity,0.335959167668835,0.24838364124298096,0.9954684677642491
lab1,lab1_reference,lab2_active_6_7_8_10_12,"Lab2 active set [6, 7, 8, 10, 12]",5,8,8,1,temperature,0.08770206676037041,0.06851158291101456,0.98455994802457
lab1,lab1_reference,lab2_active_6_7_8_10_12,"Lab2 active set [6, 7, 8, 10, 12]",5,8,8,1,humidity,0.31116771418428013,0.23519036173820496,0.9966065102741621
lab1,lab1_reference,lab2_active_6_7_8_10_12,"Lab2 active set [6, 7, 8, 10, 12]",5,8,9,0,temperature,0.09966589221888023,0.07940442115068436,0.9850708439074679
lab1,lab1_reference,lab2_active_6_7_8_10_12,"Lab2 active set [6, 7, 8, 10, 12]",5,8,9,0,humidity,0.4482730530727027,0.35212036967277527,0.9936279643295545
lab1,lab1_reference,lab2_active_6_7_8_10_12,"Lab2 active set [6, 7, 8, 10, 12]",5,8,10,1,temperature,0.0851834250538684,0.06525076180696487,0.9839781547880578
lab1,lab1_reference,lab2_active_6_7_8_10_12,"Lab2 active set [6, 7, 8, 10, 12]",5,8,10,1,humidity,0.33652399675230915,0.25851887464523315,0.9956497707719202
lab1,lab1_reference,lab2_active_6_7_8_10_12,"Lab2 active set [6, 7, 8, 10, 12]",5,8,11,0,temperature,0.09960826237375023,0.0748780369758606,0.9789194123755209
lab1,lab1_reference,lab2_active_6_7_8_10_12,"Lab2 active set [6, 7, 8, 10, 12]",5,8,11,0,humidity,0.32876579973741854,0.2632838189601898,0.9955217934561107
lab1,lab1_reference,lab2_active_6_7_8_10_12,"Lab2 active set [6, 7, 8, 10, 12]",5,8,12,1,temperature,0.08591996902770112,0.06268274039030075,0.9845358512599096
lab1,lab1_reference,lab2_active_6_7_8_10_12,"Lab2 active set [6, 7, 8, 10, 12]",5,8,12,1,humidity,0.40284338732809555,0.2901524603366852,0.9943430960452199
lab1,lab1_reference,lab2_active_6_7_8_10_12,"Lab2 active set [6, 7, 8, 10, 12]",5,8,13,0,temperature,0.6484362590731961,0.26205888390541077,0.6704491809098427
lab1,lab1_reference,lab2_active_6_7_8_10_12,"Lab2 active set [6, 7, 8, 10, 12]",5,8,13,0,humidity,1.7810325489828924,0.8322045207023621,0.8368963586519923
lab1,lab1_reference,lab2_active_4_6_7,"Lab2 active set [4, 6, 7]",3,10,1,0,temperature,0.24526501943228313,0.1699005514383316,0.8498947080716575
lab1,lab1_reference,lab2_active_4_6_7,"Lab2 active set [4, 6, 7]",3,10,1,0,humidity,0.8897490627694399,0.6536458134651184,0.9731566535191625
lab1,lab1_reference,lab2_active_4_6_7,"Lab2 active set [4, 6, 7]",3,10,2,0,temperature,0.12415415715907607,0.09763920307159424,0.980988830946091
lab1,lab1_reference,lab2_active_4_6_7,"Lab2 active set [4, 6, 7]",3,10,2,0,humidity,0.5049382664461831,0.3966343402862549,0.9910096320585344
lab1,lab1_reference,lab2_active_4_6_7,"Lab2 active set [4, 6, 7]",3,10,3,0,temperature,0.2133045634428736,0.1465163379907608,0.9168247507832805
lab1,lab1_reference,lab2_active_4_6_7,"Lab2 active set [4, 6, 7]",3,10,3,0,humidity,0.8187334029866915,0.6662676334381104,0.9745305357655107
lab1,lab1_reference,lab2_active_4_6_7,"Lab2 active set [4, 6, 7]",3,10,4,1,temperature,0.09131746707986578,0.07169637829065323,0.9768356422211875
lab1,lab1_reference,lab2_active_4_6_7,"Lab2 active set [4, 6, 7]",3,10,4,1,humidity,0.5218360372378047,0.41041257977485657,0.9880972903202978
lab1,lab1_reference,lab2_active_4_6_7,"Lab2 active set [4, 6, 7]",3,10,5,0,temperature,0.049698534203662936,0.03868326172232628,0.9941740359588863
lab1,lab1_reference,lab2_active_4_6_7,"Lab2 active set [4, 6, 7]",3,10,5,0,humidity,0.3941708986963805,0.27375683188438416,0.9940702206442072
lab1,lab1_reference,lab2_active_4_6_7,"Lab2 active set [4, 6, 7]",3,10,6,1,temperature,0.2856378016535,0.2114100158214569,0.92817471112442
lab1,lab1_reference,lab2_active_4_6_7,"Lab2 active set [4, 6, 7]",3,10,6,1,humidity,1.353439527081575,1.0519047975540161,0.9441839690630247
lab1,lab1_reference,lab2_active_4_6_7,"Lab2 active set [4, 6, 7]",3,10,7,1,temperature,0.07650971685435307,0.061391785740852356,0.9865977194953777
lab1,lab1_reference,lab2_active_4_6_7,"Lab2 active set [4, 6, 7]",3,10,7,1,humidity,0.48390445618979055,0.3693211078643799,0.9905986261116176
lab1,lab1_reference,lab2_active_4_6_7,"Lab2 active set [4, 6, 7]",3,10,8,0,temperature,0.17983420229838268,0.11697594076395035,0.9350807216500016
lab1,lab1_reference,lab2_active_4_6_7,"Lab2 active set [4, 6, 7]",3,10,8,0,humidity,0.5728621774828666,0.4184756875038147,0.9884984125265752
lab1,lab1_reference,lab2_active_4_6_7,"Lab2 active set [4, 6, 7]",3,10,9,0,temperature,0.210089222950741,0.1493888795375824,0.9336639411405997
lab1,lab1_reference,lab2_active_4_6_7,"Lab2 active set [4, 6, 7]",3,10,9,0,humidity,0.7761767651692327,0.6181685924530029,0.980896444151399
lab1,lab1_reference,lab2_active_4_6_7,"Lab2 active set [4, 6, 7]",3,10,10,0,temperature,0.0863503568814139,0.06970617175102234,0.9835361795602943
lab1,lab1_reference,lab2_active_4_6_7,"Lab2 active set [4, 6, 7]",3,10,10,0,humidity,0.4586833047587905,0.3652941584587097,0.99191824055666
lab1,lab1_reference,lab2_active_4_6_7,"Lab2 active set [4, 6, 7]",3,10,11,0,temperature,0.10211052127069235,0.07939102500677109,0.9778469774862554
lab1,lab1_reference,lab2_active_4_6_7,"Lab2 active set [4, 6, 7]",3,10,11,0,humidity,0.4348371907821329,0.3510139286518097,0.9921659878151288
lab1,lab1_reference,lab2_active_4_6_7,"Lab2 active set [4, 6, 7]",3,10,12,0,temperature,0.1829216301247507,0.1272551417350769,0.9299080868969422
lab1,lab1_reference,lab2_active_4_6_7,"Lab2 active set [4, 6, 7]",3,10,12,0,humidity,0.6607059469948745,0.4991358816623688,0.9847832190029397
lab1,lab1_reference,lab2_active_4_6_7,"Lab2 active set [4, 6, 7]",3,10,13,0,temperature,0.7631318116879894,0.3480210304260254,0.5435566124551052
lab1,lab1_reference,lab2_active_4_6_7,"Lab2 active set [4, 6, 7]",3,10,13,0,humidity,2.115572605583039,1.1227823495864868,0.7698686470730005
lab1,lab1_reference,lab2_active_4_6_9,"Lab2 active set [4, 6, 9]",3,10,1,0,temperature,0.2073259235874397,0.1407376229763031,0.892741432471218
lab1,lab1_reference,lab2_active_4_6_9,"Lab2 active set [4, 6, 9]",3,10,1,0,humidity,0.7896397811184956,0.6045458316802979,0.9788573389897907
lab1,lab1_reference,lab2_active_4_6_9,"Lab2 active set [4, 6, 9]",3,10,2,0,temperature,0.1379971543879065,0.10625629872083664,0.9765130542981146
lab1,lab1_reference,lab2_active_4_6_9,"Lab2 active set [4, 6, 9]",3,10,2,0,humidity,0.5317956422354659,0.4440644383430481,0.9900278125785361
lab1,lab1_reference,lab2_active_4_6_9,"Lab2 active set [4, 6, 9]",3,10,3,0,temperature,0.1182076279273526,0.09689634293317795,0.9744562395080704
lab1,lab1_reference,lab2_active_4_6_9,"Lab2 active set [4, 6, 9]",3,10,3,0,humidity,0.5659823442761831,0.4651411771774292,0.9878285997391135
lab1,lab1_reference,lab2_active_4_6_9,"Lab2 active set [4, 6, 9]",3,10,4,1,temperature,0.18639454207700223,0.1558953821659088,0.9034885284934163
lab1,lab1_reference,lab2_active_4_6_9,"Lab2 active set [4, 6, 9]",3,10,4,1,humidity,0.848258406703405,0.6752479672431946,0.9685490295067346
lab1,lab1_reference,lab2_active_4_6_9,"Lab2 active set [4, 6, 9]",3,10,5,0,temperature,0.05659501730615283,0.042413391172885895,0.9924449552720641
lab1,lab1_reference,lab2_active_4_6_9,"Lab2 active set [4, 6, 9]",3,10,5,0,humidity,0.4094805464927128,0.3197189271450043,0.9936006482603714
lab1,lab1_reference,lab2_active_4_6_9,"Lab2 active set [4, 6, 9]",3,10,6,1,temperature,0.42641541736403127,0.26023203134536743,0.839929315270453
lab1,lab1_reference,lab2_active_4_6_9,"Lab2 active set [4, 6, 9]",3,10,6,1,humidity,1.447114223535327,1.006249189376831,0.9361902752142074
lab1,lab1_reference,lab2_active_4_6_9,"Lab2 active set [4, 6, 9]",3,10,7,0,temperature,0.06966325573370097,0.05486571416258812,0.9888890025665253
lab1,lab1_reference,lab2_active_4_6_9,"Lab2 active set [4, 6, 9]",3,10,7,0,humidity,0.40171772669243055,0.3199944496154785,0.9935209089759538
lab1,lab1_reference,lab2_active_4_6_9,"Lab2 active set [4, 6, 9]",3,10,8,0,temperature,0.09444458275244129,0.07114394754171371,0.9820946334828956
lab1,lab1_reference,lab2_active_4_6_9,"Lab2 active set [4, 6, 9]",3,10,8,0,humidity,0.3663971491092126,0.2846589982509613,0.9952949781968685
lab1,lab1_reference,lab2_active_4_6_9,"Lab2 active set [4, 6, 9]",3,10,9,1,temperature,0.2232103146472284,0.15706712007522583,0.9251191681437934
lab1,lab1_reference,lab2_active_4_6_9,"Lab2 active set [4, 6, 9]",3,10,9,1,humidity,0.8415074747130986,0.600504994392395,0.9775452150845002
lab1,lab1_reference,lab2_active_4_6_9,"Lab2 active set [4, 6, 9]",3,10,10,0,temperature,0.09614819558211517,0.07624008506536484,0.9795880443370427
lab1,lab1_reference,lab2_active_4_6_9,"Lab2 active set [4, 6, 9]",3,10,10,0,humidity,0.46248070960153576,0.38511818647384644,0.9917838700555289
lab1,lab1_reference,lab2_active_4_6_9,"Lab2 active set [4, 6, 9]",3,10,11,0,temperature,0.10385963121941844,0.08506786078214645,0.977081533608612
lab1,lab1_reference,lab2_active_4_6_9,"Lab2 active set [4, 6, 9]",3,10,11,0,humidity,0.4474947812932213,0.3675735890865326,0.9917032729650129
lab1,lab1_reference,lab2_active_4_6_9,"Lab2 active set [4, 6, 9]",3,10,12,0,temperature,0.10890621814699952,0.08156304806470871,0.9751547619648442
lab1,lab1_reference,lab2_active_4_6_9,"Lab2 active set [4, 6, 9]",3,10,12,0,humidity,0.5351237266291915,0.41506534814834595,0.9900180649483
lab1,lab1_reference,lab2_active_4_6_9,"Lab2 active set [4, 6, 9]",3,10,13,0,temperature,0.7513372500082566,0.3384951651096344,0.5575566849106328
lab1,lab1_reference,lab2_active_4_6_9,"Lab2 active set [4, 6, 9]",3,10,13,0,humidity,2.1129053031762757,1.11487877368927,0.7704485609187768
lab1,lab1_reference,lab2_active_5_6_9,"Lab2 active set [5, 6, 9]",3,10,1,0,temperature,0.21964472624241552,0.15371723473072052,0.8796166739217806
lab1,lab1_reference,lab2_active_5_6_9,"Lab2 active set [5, 6, 9]",3,10,1,0,humidity,0.7780884669050349,0.6003559231758118,0.9794713907443274
lab1,lab1_reference,lab2_active_5_6_9,"Lab2 active set [5, 6, 9]",3,10,2,0,temperature,0.1486334385902562,0.11547037214040756,0.9727529592170943
lab1,lab1_reference,lab2_active_5_6_9,"Lab2 active set [5, 6, 9]",3,10,2,0,humidity,0.6138701314731149,0.5051571130752563,0.9867121748025722
lab1,lab1_reference,lab2_active_5_6_9,"Lab2 active set [5, 6, 9]",3,10,3,0,temperature,0.11808769658854582,0.09640943259000778,0.9745080466606322
lab1,lab1_reference,lab2_active_5_6_9,"Lab2 active set [5, 6, 9]",3,10,3,0,humidity,0.584627900503621,0.4860519468784332,0.9870134481817148
lab1,lab1_reference,lab2_active_5_6_9,"Lab2 active set [5, 6, 9]",3,10,4,0,temperature,0.10281199054388886,0.08781485259532928,0.9706370228938096
lab1,lab1_reference,lab2_active_5_6_9,"Lab2 active set [5, 6, 9]",3,10,4,0,humidity,0.43841718853690614,0.3483998775482178,0.9915985770634601
lab1,lab1_reference,lab2_active_5_6_9,"Lab2 active set [5, 6, 9]",3,10,5,1,temperature,0.14846892400702075,0.12062220275402069,0.9480061752892243
lab1,lab1_reference,lab2_active_5_6_9,"Lab2 active set [5, 6, 9]",3,10,5,1,humidity,0.7895627088713311,0.5911587476730347,0.9762073574160522
lab1,lab1_reference,lab2_active_5_6_9,"Lab2 active set [5, 6, 9]",3,10,6,1,temperature,0.39261203828151914,0.2529502213001251,0.8643020729379811
lab1,lab1_reference,lab2_active_5_6_9,"Lab2 active set [5, 6, 9]",3,10,6,1,humidity,1.2571975436794403,0.8973537683486938,0.9518397976491003
lab1,lab1_reference,lab2_active_5_6_9,"Lab2 active set [5, 6, 9]",3,10,7,0,temperature,0.07818088023146089,0.06044573709368706,0.986005846506461
lab1,lab1_reference,lab2_active_5_6_9,"Lab2 active set [5, 6, 9]",3,10,7,0,humidity,0.37498199896522816,0.28683939576148987,0.9943546235496707
lab1,lab1_reference,lab2_active_5_6_9,"Lab2 active set [5, 6, 9]",3,10,8,0,temperature,0.08327493322474833,0.06415115296840668,0.9860794082366274
lab1,lab1_reference,lab2_active_5_6_9,"Lab2 active set [5, 6, 9]",3,10,8,0,humidity,0.3206111051102927,0.2505916655063629,0.9963974121022016
lab1,lab1_reference,lab2_active_5_6_9,"Lab2 active set [5, 6, 9]",3,10,9,1,temperature,0.17973372652616187,0.13275662064552307,0.9514486541976034
lab1,lab1_reference,lab2_active_5_6_9,"Lab2 active set [5, 6, 9]",3,10,9,1,humidity,0.6759780420850925,0.5341484546661377,0.9855103429673445
lab1,lab1_reference,lab2_active_5_6_9,"Lab2 active set [5, 6, 9]",3,10,10,0,temperature,0.1082446364707711,0.08470913767814636,0.9741288871014139
lab1,lab1_reference,lab2_active_5_6_9,"Lab2 active set [5, 6, 9]",3,10,10,0,humidity,0.4407607735113936,0.35419759154319763,0.9925374725783231
lab1,lab1_reference,lab2_active_5_6_9,"Lab2 active set [5, 6, 9]",3,10,11,0,temperature,0.11872700120292992,0.09627299010753632,0.9700504023246795
lab1,lab1_reference,lab2_active_5_6_9,"Lab2 active set [5, 6, 9]",3,10,11,0,humidity,0.4493915557199129,0.37155216932296753,0.9916327897123344
lab1,lab1_reference,lab2_active_5_6_9,"Lab2 active set [5, 6, 9]",3,10,12,0,temperature,0.11135195594171565,0.08256086707115173,0.974026319119647
lab1,lab1_reference,lab2_active_5_6_9,"Lab2 active set [5, 6, 9]",3,10,12,0,humidity,0.49965135518763193,0.3862777650356293,0.9912975709714238
lab1,lab1_reference,lab2_active_5_6_9,"Lab2 active set [5, 6, 9]",3,10,13,0,temperature,0.6448095010027889,0.33332470059394836,0.6741252848390445
lab1,lab1_reference,lab2_active_5_6_9,"Lab2 active set [5, 6, 9]",3,10,13,0,humidity,1.861851237421695,1.1429871320724487,0.8217580709112147
lab1,lab1_reference,lab2_active_6_9_10,"Lab2 active set [6, 9, 10]",3,10,1,0,temperature,0.2197231716318218,0.14139971137046814,0.8795306702055294
lab1,lab1_reference,lab2_active_6_9_10,"Lab2 active set [6, 9, 10]",3,10,1,0,humidity,0.820231224756707,0.6040787100791931,0.9771874306510062
lab1,lab1_reference,lab2_active_6_9_10,"Lab2 active set [6, 9, 10]",3,10,2,0,temperature,0.10554697967823409,0.08181356638669968,0.9862602794577386
lab1,lab1_reference,lab2_active_6_9_10,"Lab2 active set [6, 9, 10]",3,10,2,0,humidity,0.41897700263256704,0.3315573036670685,0.9938101337784754
lab1,lab1_reference,lab2_active_6_9_10,"Lab2 active set [6, 9, 10]",3,10,3,0,temperature,0.10655580700274277,0.08522814512252808,0.9792437890447412
lab1,lab1_reference,lab2_active_6_9_10,"Lab2 active set [6, 9, 10]",3,10,3,0,humidity,0.5572876231917342,0.45529109239578247,0.9881996856825773
lab1,lab1_reference,lab2_active_6_9_10,"Lab2 active set [6, 9, 10]",3,10,4,0,temperature,0.1243144173773936,0.10203534364700317,0.9570705283612978
lab1,lab1_reference,lab2_active_6_9_10,"Lab2 active set [6, 9, 10]",3,10,4,0,humidity,0.5751575917438422,0.4665350615978241,0.9855405627503
lab1,lab1_reference,lab2_active_6_9_10,"Lab2 active set [6, 9, 10]",3,10,5,0,temperature,0.08574355793424737,0.06809241324663162,0.9826586211053472
lab1,lab1_reference,lab2_active_6_9_10,"Lab2 active set [6, 9, 10]",3,10,5,0,humidity,0.4737196380629055,0.3801753520965576,0.9914352987303494
lab1,lab1_reference,lab2_active_6_9_10,"Lab2 active set [6, 9, 10]",3,10,6,1,temperature,0.39240796401140227,0.2334616780281067,0.8644431073629888
lab1,lab1_reference,lab2_active_6_9_10,"Lab2 active set [6, 9, 10]",3,10,6,1,humidity,1.3064342843341767,0.9021870493888855,0.9479936499101824
lab1,lab1_reference,lab2_active_6_9_10,"Lab2 active set [6, 9, 10]",3,10,7,0,temperature,0.08072293133138457,0.0643545538187027,0.9850810115429798
lab1,lab1_reference,lab2_active_6_9_10,"Lab2 active set [6, 9, 10]",3,10,7,0,humidity,0.42022917393055925,0.3223916292190552,0.9929100287168249
lab1,lab1_reference,lab2_active_6_9_10,"Lab2 active set [6, 9, 10]",3,10,8,0,temperature,0.1004589584838561,0.07414373010396957,0.9797415399426159
lab1,lab1_reference,lab2_active_6_9_10,"Lab2 active set [6, 9, 10]",3,10,8,0,humidity,0.3756002946114121,0.2709510326385498,0.9950556487613752
lab1,lab1_reference,lab2_active_6_9_10,"Lab2 active set [6, 9, 10]",3,10,9,1,temperature,0.18923329843147638,0.14832910895347595,0.9461807997968479
lab1,lab1_reference,lab2_active_6_9_10,"Lab2 active set [6, 9, 10]",3,10,9,1,humidity,0.6078534816076478,0.48619750142097473,0.9882836929600691
lab1,lab1_reference,lab2_active_6_9_10,"Lab2 active set [6, 9, 10]",3,10,10,1,temperature,0.17124822514721078,0.12924565374851227,0.93524780610154
lab1,lab1_reference,lab2_active_6_9_10,"Lab2 active set [6, 9, 10]",3,10,10,1,humidity,0.6885232679608795,0.5452753305435181,0.9817896911633647
lab1,lab1_reference,lab2_active_6_9_10,"Lab2 active set [6, 9, 10]",3,10,11,0,temperature,0.0916604032011219,0.06870024651288986,0.9821492892452005
lab1,lab1_reference,lab2_active_6_9_10,"Lab2 active set [6, 9, 10]",3,10,11,0,humidity,0.42674660395168784,0.32063063979148865,0.9924547954823876
lab1,lab1_reference,lab2_active_6_9_10,"Lab2 active set [6, 9, 10]",3,10,12,0,temperature,0.10850303346155368,0.06747227907180786,0.9753383812710306
lab1,lab1_reference,lab2_active_6_9_10,"Lab2 active set [6, 9, 10]",3,10,12,0,humidity,0.5142344595898125,0.36381566524505615,0.9907821695573255
lab1,lab1_reference,lab2_active_6_9_10,"Lab2 active set [6, 9, 10]",3,10,13,0,temperature,0.5594278257349856,0.2856328785419464,0.7547122144773137
lab1,lab1_reference,lab2_active_6_9_10,"Lab2 active set [6, 9, 10]",3,10,13,0,humidity,1.6207344852042087,1.0036394596099854,0.8649347379442045
lab1,lab1_reference,lab2_active_1_5_9,"Lab2 active set [1, 5, 9]",3,10,1,1,temperature,0.25499234823826517,0.18479710817337036,0.8377521105701629
lab1,lab1_reference,lab2_active_1_5_9,"Lab2 active set [1, 5, 9]",3,10,1,1,humidity,0.9326330053775569,0.7411907911300659,0.9705067140960532
lab1,lab1_reference,lab2_active_1_5_9,"Lab2 active set [1, 5, 9]",3,10,2,0,temperature,0.1826831678032796,0.13735374808311462,0.9588392441095198
lab1,lab1_reference,lab2_active_1_5_9,"Lab2 active set [1, 5, 9]",3,10,2,0,humidity,0.8311628367680819,0.6649486422538757,0.9756402339304024
lab1,lab1_reference,lab2_active_1_5_9,"Lab2 active set [1, 5, 9]",3,10,3,0,temperature,0.12956042182118713,0.1002591997385025,0.9693141234607011
lab1,lab1_reference,lab2_active_1_5_9,"Lab2 active set [1, 5, 9]",3,10,3,0,humidity,0.6345886922882624,0.5358320474624634,0.9846990127845872
lab1,lab1_reference,lab2_active_1_5_9,"Lab2 active set [1, 5, 9]",3,10,4,0,temperature,0.11262112279493797,0.08278392255306244,0.9647667885024167
lab1,lab1_reference,lab2_active_1_5_9,"Lab2 active set [1, 5, 9]",3,10,4,0,humidity,0.4154443355357783,0.3320217430591583,0.9924559706261887
lab1,lab1_reference,lab2_active_1_5_9,"Lab2 active set [1, 5, 9]",3,10,5,1,temperature,0.14465393195043094,0.10896260291337967,0.9506438694581807
lab1,lab1_reference,lab2_active_1_5_9,"Lab2 active set [1, 5, 9]",3,10,5,1,humidity,0.5856189624878204,0.4674636125564575,0.9869112034152319
lab1,lab1_reference,lab2_active_1_5_9,"Lab2 active set [1, 5, 9]",3,10,6,0,temperature,0.3032468826026787,0.171705961227417,0.919045930738046
lab1,lab1_reference,lab2_active_1_5_9,"Lab2 active set [1, 5, 9]",3,10,6,0,humidity,1.0533112199993184,0.7423447966575623,0.9661939324530061
lab1,lab1_reference,lab2_active_1_5_9,"Lab2 active set [1, 5, 9]",3,10,7,0,temperature,0.08295152382536729,0.06397077441215515,0.9842458756831299
lab1,lab1_reference,lab2_active_1_5_9,"Lab2 active set [1, 5, 9]",3,10,7,0,humidity,0.38904097777130614,0.28770849108695984,0.9939233698839737
lab1,lab1_reference,lab2_active_1_5_9,"Lab2 active set [1, 5, 9]",3,10,8,0,temperature,0.07979029296905568,0.0597936175763607,0.9872200484005687
lab1,lab1_reference,lab2_active_1_5_9,"Lab2 active set [1, 5, 9]",3,10,8,0,humidity,0.3231033072946692,0.25638413429260254,0.9963411864007364
lab1,lab1_reference,lab2_active_1_5_9,"Lab2 active set [1, 5, 9]",3,10,9,1,temperature,0.18825508109931974,0.1534268856048584,0.9467357826030804
lab1,lab1_reference,lab2_active_1_5_9,"Lab2 active set [1, 5, 9]",3,10,9,1,humidity,1.0054530239579722,0.748507559299469,0.9679434687764251
lab1,lab1_reference,lab2_active_1_5_9,"Lab2 active set [1, 5, 9]",3,10,10,0,temperature,0.10917438688701131,0.08144662529230118,0.9736825464885803
lab1,lab1_reference,lab2_active_1_5_9,"Lab2 active set [1, 5, 9]",3,10,10,0,humidity,0.4953132406764705,0.3772887885570526,0.9905758989168437
lab1,lab1_reference,lab2_active_1_5_9,"Lab2 active set [1, 5, 9]",3,10,11,0,temperature,0.13342864503000385,0.09901421517133713,0.9621740244895591
lab1,lab1_reference,lab2_active_1_5_9,"Lab2 active set [1, 5, 9]",3,10,11,0,humidity,0.4502349637458125,0.36148545145988464,0.9916013537324486
lab1,lab1_reference,lab2_active_1_5_9,"Lab2 active set [1, 5, 9]",3,10,12,0,temperature,0.0842934648294222,0.058242037892341614,0.9851157960841028
lab1,lab1_reference,lab2_active_1_5_9,"Lab2 active set [1, 5, 9]",3,10,12,0,humidity,0.3758685662861037,0.2993992567062378,0.9950753160778846
lab1,lab1_reference,lab2_active_1_5_9,"Lab2 active set [1, 5, 9]",3,10,13,0,temperature,0.756643002436915,0.3483545482158661,0.5512857499140116
lab1,lab1_reference,lab2_active_1_5_9,"Lab2 active set [1, 5, 9]",3,10,13,0,humidity,2.043038536615785,1.0888365507125854,0.7853785986941129
lab1,lab1_reference,lab2_active_5_9,"Lab2 active set [5, 9]",2,11,1,0,temperature,0.25499234823826517,0.18479710817337036,0.8377521105701629
lab1,lab1_reference,lab2_active_5_9,"Lab2 active set [5, 9]",2,11,1,0,humidity,0.9326330053775569,0.7411907911300659,0.9705067140960532
lab1,lab1_reference,lab2_active_5_9,"Lab2 active set [5, 9]",2,11,2,0,temperature,0.22047940452184617,0.17310957610607147,0.9400454235999558
lab1,lab1_reference,lab2_active_5_9,"Lab2 active set [5, 9]",2,11,2,0,humidity,0.940637646713658,0.7245228886604309,0.9688006457279976
lab1,lab1_reference,lab2_active_5_9,"Lab2 active set [5, 9]",2,11,3,0,temperature,0.1681136072209146,0.13077977299690247,0.9483346276540473
lab1,lab1_reference,lab2_active_5_9,"Lab2 active set [5, 9]",2,11,3,0,humidity,0.7339762964864848,0.6165404915809631,0.9795308959680747
lab1,lab1_reference,lab2_active_5_9,"Lab2 active set [5, 9]",2,11,4,0,temperature,0.09933859353184223,0.08251570910215378,0.9725875062108719
lab1,lab1_reference,lab2_active_5_9,"Lab2 active set [5, 9]",2,11,4,0,humidity,0.5053939445600053,0.4197983741760254,0.9888355384696368
lab1,lab1_reference,lab2_active_5_9,"Lab2 active set [5, 9]",2,11,5,1,temperature,0.15651399245490835,0.12583547830581665,0.9422187425116239
lab1,lab1_reference,lab2_active_5_9,"Lab2 active set [5, 9]",2,11,5,1,humidity,0.7753637583039283,0.6033807992935181,0.9770554024338094
lab1,lab1_reference,lab2_active_5_9,"Lab2 active set [5, 9]",2,11,6,0,temperature,0.39261203828151914,0.2529502213001251,0.8643020729379811
lab1,lab1_reference,lab2_active_5_9,"Lab2 active set [5, 9]",2,11,6,0,humidity,1.2571975436794403,0.8973537683486938,0.9518397976491003
lab1,lab1_reference,lab2_active_5_9,"Lab2 active set [5, 9]",2,11,7,0,temperature,0.07320236076904642,0.057383716106414795,0.9877313799223658
lab1,lab1_reference,lab2_active_5_9,"Lab2 active set [5, 9]",2,11,7,0,humidity,0.3930660271494678,0.29071563482284546,0.9937969813435505
lab1,lab1_reference,lab2_active_5_9,"Lab2 active set [5, 9]",2,11,8,0,temperature,0.10253523410734725,0.08000028878450394,0.9788954855049515
lab1,lab1_reference,lab2_active_5_9,"Lab2 active set [5, 9]",2,11,8,0,humidity,0.4612265827985286,0.37950000166893005,0.9925443393845825
lab1,lab1_reference,lab2_active_5_9,"Lab2 active set [5, 9]",2,11,9,1,temperature,0.20473419595923226,0.16800536215305328,0.9370025594177736
lab1,lab1_reference,lab2_active_5_9,"Lab2 active set [5, 9]",2,11,9,1,humidity,1.0162439660975906,0.7596457600593567,0.967251689828055
lab1,lab1_reference,lab2_active_5_9,"Lab2 active set [5, 9]",2,11,10,0,temperature,0.10407915661507734,0.08257485181093216,0.9760817242569118
lab1,lab1_reference,lab2_active_5_9,"Lab2 active set [5, 9]",2,11,10,0,humidity,0.5465507090776035,0.4510447084903717,0.9885253093507917
lab1,lab1_reference,lab2_active_5_9,"Lab2 active set [5, 9]",2,11,11,0,temperature,0.11889082877554885,0.09749086946249008,0.9699676935884473
lab1,lab1_reference,lab2_active_5_9,"Lab2 active set [5, 9]",2,11,11,0,humidity,0.44524849883484563,0.36881035566329956,0.9917863575980796
lab1,lab1_reference,lab2_active_5_9,"Lab2 active set [5, 9]",2,11,12,0,temperature,0.14334693459731626,0.10605715215206146,0.9569558015487845
lab1,lab1_reference,lab2_active_5_9,"Lab2 active set [5, 9]",2,11,12,0,humidity,0.5791746868520474,0.45595183968544006,0.9883070119445218
lab1,lab1_reference,lab2_active_5_9,"Lab2 active set [5, 9]",2,11,13,0,temperature,0.7371687808051408,0.4137554168701172,0.5740862315894071
lab1,lab1_reference,lab2_active_5_9,"Lab2 active set [5, 9]",2,11,13,0,humidity,2.190699934392012,1.362197756767273,0.7532337749106197
lab1,lab1_reference,lab2_active_5_7,"Lab2 active set [5, 7]",2,11,1,0,temperature,0.27163081713423604,0.20083828270435333,0.8158876835998428
lab1,lab1_reference,lab2_active_5_7,"Lab2 active set [5, 7]",2,11,1,0,humidity,0.9415784179780227,0.7218881845474243,0.9699382278376592
lab1,lab1_reference,lab2_active_5_7,"Lab2 active set [5, 7]",2,11,2,0,temperature,0.24288380416662275,0.19273041188716888,0.9272415559108624
lab1,lab1_reference,lab2_active_5_7,"Lab2 active set [5, 7]",2,11,2,0,humidity,1.234194247375271,0.9894241690635681,0.9462884182583992
lab1,lab1_reference,lab2_active_5_7,"Lab2 active set [5, 7]",2,11,3,0,temperature,0.21762604279955744,0.15020957589149475,0.913420404557227
lab1,lab1_reference,lab2_active_5_7,"Lab2 active set [5, 7]",2,11,3,0,humidity,0.9389233909815994,0.7595257759094238,0.9665038332279487
lab1,lab1_reference,lab2_active_5_7,"Lab2 active set [5, 7]",2,11,4,0,temperature,0.10345821318006176,0.07948833703994751,0.9702667428465443
lab1,lab1_reference,lab2_active_5_7,"Lab2 active set [5, 7]",2,11,4,0,humidity,0.43259950003191644,0.35284799337387085,0.9918200672071009
lab1,lab1_reference,lab2_active_5_7,"Lab2 active set [5, 7]",2,11,5,1,temperature,0.07872162632743353,0.0603615939617157,0.9853826470100114
lab1,lab1_reference,lab2_active_5_7,"Lab2 active set [5, 7]",2,11,5,1,humidity,0.33902152117071,0.2757532000541687,0.9956134410423669
lab1,lab1_reference,lab2_active_5_7,"Lab2 active set [5, 7]",2,11,6,0,temperature,0.4122640491229212,0.31311553716659546,0.8503774887573087
lab1,lab1_reference,lab2_active_5_7,"Lab2 active set [5, 7]",2,11,6,0,humidity,1.6268354467214035,1.2723543643951416,0.9193566609491337
lab1,lab1_reference,lab2_active_5_7,"Lab2 active set [5, 7]",2,11,7,1,temperature,0.06310327516059124,0.04873454198241234,0.9908830555058992
lab1,lab1_reference,lab2_active_5_7,"Lab2 active set [5, 7]",2,11,7,1,humidity,0.3729986988535832,0.2878189980983734,0.994414182619471
lab1,lab1_reference,lab2_active_5_7,"Lab2 active set [5, 7]",2,11,8,0,temperature,0.1622603184801611,0.10401349514722824,0.9471489350020975
lab1,lab1_reference,lab2_active_5_7,"Lab2 active set [5, 7]",2,11,8,0,humidity,0.5862354538257741,0.440919429063797,0.987955143433411
lab1,lab1_reference,lab2_active_5_7,"Lab2 active set [5, 7]",2,11,9,0,temperature,0.18928748686492597,0.14313079416751862,0.9461499709112113
lab1,lab1_reference,lab2_active_5_7,"Lab2 active set [5, 7]",2,11,9,0,humidity,0.9352330774603049,0.6962213516235352,0.9722647132138754
lab1,lab1_reference,lab2_active_5_7,"Lab2 active set [5, 7]",2,11,10,0,temperature,0.09585622783086575,0.07668250054121017,0.9797118236300695
lab1,lab1_reference,lab2_active_5_7,"Lab2 active set [5, 7]",2,11,10,0,humidity,0.5427385294952781,0.44415757060050964,0.9886848221018716
lab1,lab1_reference,lab2_active_5_7,"Lab2 active set [5, 7]",2,11,11,0,temperature,0.1161238720862694,0.09017971158027649,0.971349314588674
lab1,lab1_reference,lab2_active_5_7,"Lab2 active set [5, 7]",2,11,11,0,humidity,0.4441610474198232,0.3611576557159424,0.9918264298768026
lab1,lab1_reference,lab2_active_5_7,"Lab2 active set [5, 7]",2,11,12,0,temperature,0.18094222846630545,0.12840881943702698,0.9314168091250369
lab1,lab1_reference,lab2_active_5_7,"Lab2 active set [5, 7]",2,11,12,0,humidity,0.585371507031847,0.4605891704559326,0.9880554579756922
lab1,lab1_reference,lab2_active_5_7,"Lab2 active set [5, 7]",2,11,13,0,temperature,0.7729901262592829,0.4487992525100708,0.531687543789785
lab1,lab1_reference,lab2_active_5_7,"Lab2 active set [5, 7]",2,11,13,0,humidity,2.284344912225173,1.542667269706726,0.7316860241680812
lab1,lab1_reference,lab2_active_8_10,"Lab2 active set [8, 10]",2,11,1,0,temperature,0.2243324729071361,0.15728437900543213,0.8744233019415131
lab1,lab1_reference,lab2_active_8_10,"Lab2 active set [8, 10]",2,11,1,0,humidity,0.7834054966078078,0.5825391411781311,0.9791898677174601
lab1,lab1_reference,lab2_active_8_10,"Lab2 active set [8, 10]",2,11,2,0,temperature,0.25676443460834225,0.19362160563468933,0.9186877418186125
lab1,lab1_reference,lab2_active_8_10,"Lab2 active set [8, 10]",2,11,2,0,humidity,1.1608302666285186,0.8239230513572693,0.9524841691825074
lab1,lab1_reference,lab2_active_8_10,"Lab2 active set [8, 10]",2,11,3,0,temperature,0.11650097340475932,0.09517072141170502,0.9751885055471121
lab1,lab1_reference,lab2_active_8_10,"Lab2 active set [8, 10]",2,11,3,0,humidity,0.5497564426754111,0.4566168189048767,0.9885164691569502
lab1,lab1_reference,lab2_active_8_10,"Lab2 active set [8, 10]",2,11,4,0,temperature,0.12152385468811408,0.10126856714487076,0.9589762272490606
lab1,lab1_reference,lab2_active_8_10,"Lab2 active set [8, 10]",2,11,4,0,humidity,0.5945412483327035,0.48340579867362976,0.9845495301378396
lab1,lab1_reference,lab2_active_8_10,"Lab2 active set [8, 10]",2,11,5,0,temperature,0.08702806967774934,0.06866530328989029,0.9821351517123301
lab1,lab1_reference,lab2_active_8_10,"Lab2 active set [8, 10]",2,11,5,0,humidity,0.543309249046725,0.43780258297920227,0.9887341587921973
lab1,lab1_reference,lab2_active_8_10,"Lab2 active set [8, 10]",2,11,6,0,temperature,0.4515906533041453,0.318111389875412,0.8204704726957824
lab1,lab1_reference,lab2_active_8_10,"Lab2 active set [8, 10]",2,11,6,0,humidity,1.712074842372377,1.2472947835922241,0.910684517599903
lab1,lab1_reference,lab2_active_8_10,"Lab2 active set [8, 10]",2,11,7,0,temperature,0.1018544686214395,0.07712416350841522,0.976247698426886
lab1,lab1_reference,lab2_active_8_10,"Lab2 active set [8, 10]",2,11,7,0,humidity,0.40138992653543587,0.3183080554008484,0.9935314784862843
lab1,lab1_reference,lab2_active_8_10,"Lab2 active set [8, 10]",2,11,8,1,temperature,0.15849626133334643,0.12370964884757996,0.9495725347114873
lab1,lab1_reference,lab2_active_8_10,"Lab2 active set [8, 10]",2,11,8,1,humidity,0.4725477235903312,0.3832150399684906,0.9921738380161387
lab1,lab1_reference,lab2_active_8_10,"Lab2 active set [8, 10]",2,11,9,0,temperature,0.1262121363671146,0.09984058886766434,0.9760588850491271
lab1,lab1_reference,lab2_active_8_10,"Lab2 active set [8, 10]",2,11,9,0,humidity,0.6929799505831664,0.5373765230178833,0.9847723009268872
lab1,lab1_reference,lab2_active_8_10,"Lab2 active set [8, 10]",2,11,10,1,temperature,0.13503252772243396,0.10789996385574341,0.9597395034962486
lab1,lab1_reference,lab2_active_8_10,"Lab2 active set [8, 10]",2,11,10,1,humidity,0.4329396890711852,0.3575601279735565,0.9927999605813396
lab1,lab1_reference,lab2_active_8_10,"Lab2 active set [8, 10]",2,11,11,0,temperature,0.11155278977041498,0.08219247311353683,0.9735605231723337
lab1,lab1_reference,lab2_active_8_10,"Lab2 active set [8, 10]",2,11,11,0,humidity,0.4491427813438558,0.347015380859375,0.9916420508119008
lab1,lab1_reference,lab2_active_8_10,"Lab2 active set [8, 10]",2,11,12,0,temperature,0.09501371904966743,0.06323123723268509,0.9810891756102111
lab1,lab1_reference,lab2_active_8_10,"Lab2 active set [8, 10]",2,11,12,0,humidity,0.43574589514426687,0.30279362201690674,0.9933812961760051
lab1,lab1_reference,lab2_active_8_10,"Lab2 active set [8, 10]",2,11,13,0,temperature,0.6065230266023994,0.37228965759277344,0.7116749424027512
lab1,lab1_reference,lab2_active_8_10,"Lab2 active set [8, 10]",2,11,13,0,humidity,1.8692793998901063,1.255379319190979,0.8203329709009444
lab1,lab1_reference,lab2_active_2_7,"Lab2 active set [2, 7]",2,11,1,0,temperature,0.2767671312958676,0.1977325826883316,0.8088590368474433
lab1,lab1_reference,lab2_active_2_7,"Lab2 active set [2, 7]",2,11,1,0,humidity,1.0200589155497966,0.7803016304969788,0.9647180882314782
lab1,lab1_reference,lab2_active_2_7,"Lab2 active set [2, 7]",2,11,2,1,temperature,0.22479622573901958,0.17864860594272614,0.937674705624565
lab1,lab1_reference,lab2_active_2_7,"Lab2 active set [2, 7]",2,11,2,1,humidity,1.1787471939490404,0.94743812084198,0.9510060728557425
lab1,lab1_reference,lab2_active_2_7,"Lab2 active set [2, 7]",2,11,3,0,temperature,0.23375726991965745,0.16311942040920258,0.9001095295879962
lab1,lab1_reference,lab2_active_2_7,"Lab2 active set [2, 7]",2,11,3,0,humidity,0.883339547339361,0.7037355899810791,0.9703523589362133
lab1,lab1_reference,lab2_active_2_7,"Lab2 active set [2, 7]",2,11,4,0,temperature,0.11863475637818502,0.09210250526666641,0.9609036308796924
lab1,lab1_reference,lab2_active_2_7,"Lab2 active set [2, 7]",2,11,4,0,humidity,0.5570595754133416,0.46106547117233276,0.9864362117513092
lab1,lab1_reference,lab2_active_2_7,"Lab2 active set [2, 7]",2,11,5,0,temperature,0.0879415682337612,0.06439638137817383,0.9817581430516236
lab1,lab1_reference,lab2_active_2_7,"Lab2 active set [2, 7]",2,11,5,0,humidity,0.48748656645630456,0.3733340799808502,0.9909302621504112
lab1,lab1_reference,lab2_active_2_7,"Lab2 active set [2, 7]",2,11,6,0,temperature,0.18612996886764083,0.13353478908538818,0.9695014897037308
lab1,lab1_reference,lab2_active_2_7,"Lab2 active set [2, 7]",2,11,6,0,humidity,0.6910433705971792,0.5330703258514404,0.9854490331629674
lab1,lab1_reference,lab2_active_2_7,"Lab2 active set [2, 7]",2,11,7,1,temperature,0.1576744535709933,0.12326788157224655,0.9430795686705143
lab1,lab1_reference,lab2_active_2_7,"Lab2 active set [2, 7]",2,11,7,1,humidity,0.9247536408496311,0.6982905268669128,0.9656660173309805
lab1,lab1_reference,lab2_active_2_7,"Lab2 active set [2, 7]",2,11,8,0,temperature,0.19231906551191275,0.12981316447257996,0.9257538734605661
lab1,lab1_reference,lab2_active_2_7,"Lab2 active set [2, 7]",2,11,8,0,humidity,0.636309861025852,0.4611149728298187,0.9858095958722314
lab1,lab1_reference,lab2_active_2_7,"Lab2 active set [2, 7]",2,11,9,0,temperature,0.2026269841441177,0.15204551815986633,0.9382926787113117
lab1,lab1_reference,lab2_active_2_7,"Lab2 active set [2, 7]",2,11,9,0,humidity,0.732334548830538,0.5873556733131409,0.9829936166100651
lab1,lab1_reference,lab2_active_2_7,"Lab2 active set [2, 7]",2,11,10,0,temperature,0.0994735240168146,0.07831137627363205,0.9781517156640607
lab1,lab1_reference,lab2_active_2_7,"Lab2 active set [2, 7]",2,11,10,0,humidity,0.4503457568963508,0.3550361394882202,0.9922093764996229
lab1,lab1_reference,lab2_active_2_7,"Lab2 active set [2, 7]",2,11,11,0,temperature,0.11471404175824357,0.08806189149618149,0.9720407738428432
lab1,lab1_reference,lab2_active_2_7,"Lab2 active set [2, 7]",2,11,11,0,humidity,0.4015397863235509,0.3221670687198639,0.9933198219251375
lab1,lab1_reference,lab2_active_2_7,"Lab2 active set [2, 7]",2,11,12,0,temperature,0.20722308358194386,0.14071691036224365,0.9100473292642157
lab1,lab1_reference,lab2_active_2_7,"Lab2 active set [2, 7]",2,11,12,0,humidity,0.7148337858579162,0.5267028212547302,0.9821878436481186
lab1,lab1_reference,lab2_active_2_7,"Lab2 active set [2, 7]",2,11,13,0,temperature,0.8192172413487779,0.3715537190437317,0.47399972556419845
lab1,lab1_reference,lab2_active_2_7,"Lab2 active set [2, 7]",2,11,13,0,humidity,2.46569519329841,1.3579113483428955,0.6873929982056036
lab1,lab1_reference,lab2_active_7_10,"Lab2 active set [7, 10]",2,11,1,0,temperature,0.25830933352988683,0.18270334601402283,0.8335035548202717
lab1,lab1_reference,lab2_active_7_10,"Lab2 active set [7, 10]",2,11,1,0,humidity,0.864345740031998,0.6499960422515869,0.9746675856437078
lab1,lab1_reference,lab2_active_7_10,"Lab2 active set [7, 10]",2,11,2,0,temperature,0.21481956866035293,0.16046294569969177,0.9430840523417748
lab1,lab1_reference,lab2_active_7_10,"Lab2 active set [7, 10]",2,11,2,0,humidity,1.1428508726441857,0.9122148752212524,0.9539446578120885
lab1,lab1_reference,lab2_active_7_10,"Lab2 active set [7, 10]",2,11,3,0,temperature,0.1968379341534462,0.1336899697780609,0.9291709513895471
lab1,lab1_reference,lab2_active_7_10,"Lab2 active set [7, 10]",2,11,3,0,humidity,0.7798984280500578,0.6248061656951904,0.9768894184095624
lab1,lab1_reference,lab2_active_7_10,"Lab2 active set [7, 10]",2,11,4,0,temperature,0.1340566520815963,0.10099969804286957,0.9500783090391005
lab1,lab1_reference,lab2_active_7_10,"Lab2 active set [7, 10]",2,11,4,0,humidity,0.550401651503475,0.4480256140232086,0.9867585011183658
lab1,lab1_reference,lab2_active_7_10,"Lab2 active set [7, 10]",2,11,5,0,temperature,0.07510575001608841,0.056064873933792114,0.9866946281053378
lab1,lab1_reference,lab2_active_7_10,"Lab2 active set [7, 10]",2,11,5,0,humidity,0.44390439047553176,0.35163843631744385,0.9924794721442779
lab1,lab1_reference,lab2_active_7_10,"Lab2 active set [7, 10]",2,11,6,0,temperature,0.37378266555394346,0.2591380178928375,0.8770058938505181
lab1,lab1_reference,lab2_active_7_10,"Lab2 active set [7, 10]",2,11,6,0,humidity,1.5817622203255362,1.2292633056640625,0.9237633797493532
lab1,lab1_reference,lab2_active_7_10,"Lab2 active set [7, 10]",2,11,7,1,temperature,0.09414562057758227,0.07492516934871674,0.9797070234690229
lab1,lab1_reference,lab2_active_7_10,"Lab2 active set [7, 10]",2,11,7,1,humidity,0.4324609719842279,0.3534245491027832,0.9924912796031554
lab1,lab1_reference,lab2_active_7_10,"Lab2 active set [7, 10]",2,11,8,0,temperature,0.15935855013905698,0.11596862971782684,0.949022345055308
lab1,lab1_reference,lab2_active_7_10,"Lab2 active set [7, 10]",2,11,8,0,humidity,0.4843831523086169,0.38280802965164185,0.991776900857474
lab1,lab1_reference,lab2_active_7_10,"Lab2 active set [7, 10]",2,11,9,0,temperature,0.19176839123638156,0.14921562373638153,0.9447291473685777
lab1,lab1_reference,lab2_active_7_10,"Lab2 active set [7, 10]",2,11,9,0,humidity,0.8933915786710053,0.6835600733757019,0.9746909025584627
lab1,lab1_reference,lab2_active_7_10,"Lab2 active set [7, 10]",2,11,10,1,temperature,0.09957078578921794,0.07862382382154465,0.9781089699858534
lab1,lab1_reference,lab2_active_7_10,"Lab2 active set [7, 10]",2,11,10,1,humidity,0.4767549157591836,0.38042035698890686,0.9912688703982998
lab1,lab1_reference,lab2_active_7_10,"Lab2 active set [7, 10]",2,11,11,0,temperature,0.11139437728578509,0.0789320096373558,0.9736355623914418
lab1,lab1_reference,lab2_active_7_10,"Lab2 active set [7, 10]",2,11,11,0,humidity,0.38628881811858873,0.3081442415714264,0.9938176282091097
lab1,lab1_reference,lab2_active_7_10,"Lab2 active set [7, 10]",2,11,12,0,temperature,0.16741568421752331,0.11417005211114883,0.9412875654801476
lab1,lab1_reference,lab2_active_7_10,"Lab2 active set [7, 10]",2,11,12,0,humidity,0.5180199806343925,0.3788061738014221,0.9906459568430219
lab1,lab1_reference,lab2_active_7_10,"Lab2 active set [7, 10]",2,11,13,0,temperature,0.7883599430120364,0.46004629135131836,0.5128789350659996
lab1,lab1_reference,lab2_active_7_10,"Lab2 active set [7, 10]",2,11,13,0,humidity,2.3498713600174734,1.6156184673309326,0.7160720852107397
lab1,lab1_reference,lab2_active_9,Lab2 active set [9],1,12,1,0,temperature,0.2895172511430878,0.21250008046627045,0.7908423994424509
lab1,lab1_reference,lab2_active_9,Lab2 active set [9],1,12,1,0,humidity,1.2096303468179828,0.9905042052268982,0.9503856905407295
lab1,lab1_reference,lab2_active_9,Lab2 active set [9],1,12,2,0,temperature,0.2574684129942642,0.19800464808940887,0.9182412550751918
lab1,lab1_reference,lab2_active_9,Lab2 active set [9],1,12,2,0,humidity,0.944193343054752,0.7410871982574463,0.9685643262668279
lab1,lab1_reference,lab2_active_9,Lab2 active set [9],1,12,3,0,temperature,0.17070646129987957,0.14021167159080505,0.9467286467056217
lab1,lab1_reference,lab2_active_9,Lab2 active set [9],1,12,3,0,humidity,0.6948886822669119,0.5830735564231873,0.9816529922146339
lab1,lab1_reference,lab2_active_9,Lab2 active set [9],1,12,4,0,temperature,0.19983067683750755,0.16476956009864807,0.889073101202167
lab1,lab1_reference,lab2_active_9,Lab2 active set [9],1,12,4,0,humidity,0.8661507947958955,0.7116889953613281,0.9672082413842898
lab1,lab1_reference,lab2_active_9,Lab2 active set [9],1,12,5,0,temperature,0.15651399245490835,0.12583547830581665,0.9422187425116239
lab1,lab1_reference,lab2_active_9,Lab2 active set [9],1,12,5,0,humidity,0.7753637583039283,0.6033807992935181,0.9770554024338094
lab1,lab1_reference,lab2_active_9,Lab2 active set [9],1,12,6,0,temperature,0.4493602032407254,0.2887260615825653,0.8222395155147884
lab1,lab1_reference,lab2_active_9,Lab2 active set [9],1,12,6,0,humidity,1.3917795167879592,1.032148003578186,0.9409768837536854
lab1,lab1_reference,lab2_active_9,Lab2 active set [9],1,12,7,0,temperature,0.15912704533433394,0.1265581250190735,0.9420259653199857
lab1,lab1_reference,lab2_active_9,Lab2 active set [9],1,12,7,0,humidity,0.7186043633234833,0.5703586339950562,0.9792674948333446
lab1,lab1_reference,lab2_active_9,Lab2 active set [9],1,12,8,0,temperature,0.13456589645868985,0.10392244905233383,0.9636504432684774
lab1,lab1_reference,lab2_active_9,Lab2 active set [9],1,12,8,0,humidity,0.6223657167136537,0.5067148208618164,0.9864247197762454
lab1,lab1_reference,lab2_active_9,Lab2 active set [9],1,12,9,1,temperature,0.8647496435005311,0.7450853586196899,-0.12388766229002668
lab1,lab1_reference,lab2_active_9,Lab2 active set [9],1,12,9,1,humidity,5.62583239012567,3.9889183044433594,-0.0036135804126899984
lab1,lab1_reference,lab2_active_9,Lab2 active set [9],1,12,10,0,temperature,0.16291232776372241,0.1267852783203125,0.9413982950246678
lab1,lab1_reference,lab2_active_9,Lab2 active set [9],1,12,10,0,humidity,0.7093167117198244,0.5603537559509277,0.9806731781723452
lab1,lab1_reference,lab2_active_9,Lab2 active set [9],1,12,11,0,temperature,0.16908773031255012,0.13399896025657654,0.9392542131925032
lab1,lab1_reference,lab2_active_9,Lab2 active set [9],1,12,11,0,humidity,0.6046049786230521,0.48751068115234375,0.984854824777778
lab1,lab1_reference,lab2_active_9,Lab2 active set [9],1,12,12,0,temperature,0.17978028306878407,0.12959620356559753,0.9322948136835179
lab1,lab1_reference,lab2_active_9,Lab2 active set [9],1,12,12,0,humidity,0.8166845112103144,0.6522947549819946,0.9767504271215157
lab1,lab1_reference,lab2_active_9,Lab2 active set [9],1,12,13,0,temperature,0.7670517298252281,0.44399407505989075,0.5388553956918055
lab1,lab1_reference,lab2_active_9,Lab2 active set [9],1,12,13,0,humidity,2.2514495418891474,1.4887899160385132,0.7393580174970347
lab1,lab1_reference,lab2_active_10,Lab2 active set [10],1,12,1,0,temperature,0.26755317515979127,0.18696002662181854,0.8213738717926737
lab1,lab1_reference,lab2_active_10,Lab2 active set [10],1,12,1,0,humidity,0.8783139076533798,0.6533138751983643,0.9738422070514541
lab1,lab1_reference,lab2_active_10,Lab2 active set [10],1,12,2,0,temperature,0.24927885383113296,0.1902095526456833,0.9233597054748901
lab1,lab1_reference,lab2_active_10,Lab2 active set [10],1,12,2,0,humidity,1.1825189526029067,0.9206703305244446,0.9506920322137036
lab1,lab1_reference,lab2_active_10,Lab2 active set [10],1,12,3,0,temperature,0.19186510826297362,0.13662002980709076,0.9327045325788741
lab1,lab1_reference,lab2_active_10,Lab2 active set [10],1,12,3,0,humidity,0.6874512525095507,0.556857705116272,0.9820436275555395
lab1,lab1_reference,lab2_active_10,Lab2 active set [10],1,12,4,0,temperature,0.14004807542982073,0.11374958604574203,0.9455162695406204
lab1,lab1_reference,lab2_active_10,Lab2 active set [10],1,12,4,0,humidity,0.6424893720838796,0.5210378170013428,0.9819569653358399
lab1,lab1_reference,lab2_active_10,Lab2 active set [10],1,12,5,0,temperature,0.10196422940286776,0.0794386938214302,0.975476845783099
lab1,lab1_reference,lab2_active_10,Lab2 active set [10],1,12,5,0,humidity,0.6279524447527993,0.5215478539466858,0.9849504694576152
lab1,lab1_reference,lab2_active_10,Lab2 active set [10],1,12,6,0,temperature,0.45526850896955445,0.3428708016872406,0.8175343093757383
lab1,lab1_reference,lab2_active_10,Lab2 active set [10],1,12,6,0,humidity,1.801304937579813,1.4457215070724487,0.9011320027960633
lab1,lab1_reference,lab2_active_10,Lab2 active set [10],1,12,7,0,temperature,0.09414562057758227,0.07492516934871674,0.9797070234690229
lab1,lab1_reference,lab2_active_10,Lab2 active set [10],1,12,7,0,humidity,0.4324609719842279,0.3534245491027832,0.9924912796031554
lab1,lab1_reference,lab2_active_10,Lab2 active set [10],1,12,8,0,temperature,0.15849626133334643,0.12370964884757996,0.9495725347114873
lab1,lab1_reference,lab2_active_10,Lab2 active set [10],1,12,8,0,humidity,0.4725477235903312,0.3832150399684906,0.9921738380161387
lab1,lab1_reference,lab2_active_10,Lab2 active set [10],1,12,9,0,temperature,0.2033125396767175,0.15847338736057281,0.9378744184086301
lab1,lab1_reference,lab2_active_10,Lab2 active set [10],1,12,9,0,humidity,0.9090254803434138,0.694488525390625,0.973797359937654
lab1,lab1_reference,lab2_active_10,Lab2 active set [10],1,12,10,1,temperature,0.742200710781377,0.6209291219711304,-0.21631218180098677
lab1,lab1_reference,lab2_active_10,Lab2 active set [10],1,12,10,1,humidity,5.108568040310842,3.637314796447754,-0.0024862685953246366
lab1,lab1_reference,lab2_active_10,Lab2 active set [10],1,12,11,0,temperature,0.1057724421551745,0.07329918444156647,0.976229568453779
lab1,lab1_reference,lab2_active_10,Lab2 active set [10],1,12,11,0,humidity,0.4541038595161998,0.34824085235595703,0.9914563934934362
lab1,lab1_reference,lab2_active_10,Lab2 active set [10],1,12,12,0,temperature,0.1661487382278092,0.11406618356704712,0.9421728366538727
lab1,lab1_reference,lab2_active_10,Lab2 active set [10],1,12,12,0,humidity,0.5349249235400332,0.38141265511512756,0.9900254796043721
lab1,lab1_reference,lab2_active_10,Lab2 active set [10],1,12,13,0,temperature,0.7410373811237718,0.4536045789718628,0.569604164822058
lab1,lab1_reference,lab2_active_10,Lab2 active set [10],1,12,13,0,humidity,2.164980917267251,1.5016379356384277,0.758993876823348
lab1,lab1_reference,lab2_active_8,Lab2 active set [8],1,12,1,0,temperature,0.22223870964197415,0.16361446678638458,0.8767564519486939
lab1,lab1_reference,lab2_active_8,Lab2 active set [8],1,12,1,0,humidity,0.7880103773460047,0.6174925565719604,0.9789445048050985
lab1,lab1_reference,lab2_active_8,Lab2 active set [8],1,12,2,0,temperature,0.2849403243162331,0.22510762512683868,0.8998631024362241
lab1,lab1_reference,lab2_active_8,Lab2 active set [8],1,12,2,0,humidity,1.239427920090324,0.9280646443367004,0.9458319207739715
lab1,lab1_reference,lab2_active_8,Lab2 active set [8],1,12,3,0,temperature,0.10930377480335311,0.08960026502609253,0.9781594211961978
lab1,lab1_reference,lab2_active_8,Lab2 active set [8],1,12,3,0,humidity,0.5348502906446192,0.4362862706184387,0.9891307579451246
lab1,lab1_reference,lab2_active_8,Lab2 active set [8],1,12,4,0,temperature,0.1530184659835354,0.11768186092376709,0.9349570515657594
lab1,lab1_reference,lab2_active_8,Lab2 active set [8],1,12,4,0,humidity,0.6256868641283956,0.5024520754814148,0.9828883550356166
lab1,lab1_reference,lab2_active_8,Lab2 active set [8],1,12,5,0,temperature,0.1174706931419029,0.08140885084867477,0.9674508473118986
lab1,lab1_reference,lab2_active_8,Lab2 active set [8],1,12,5,0,humidity,0.5533508529340775,0.4398702383041382,0.9883138730758643
lab1,lab1_reference,lab2_active_8,Lab2 active set [8],1,12,6,0,temperature,0.4611214416213568,0.33378198742866516,0.8128125871952722
lab1,lab1_reference,lab2_active_8,Lab2 active set [8],1,12,6,0,humidity,1.7096874251424041,1.2886152267456055,0.9109334397547372
lab1,lab1_reference,lab2_active_8,Lab2 active set [8],1,12,7,0,temperature,0.14668905581285963,0.10134615749120712,0.9507347221512845
lab1,lab1_reference,lab2_active_8,Lab2 active set [8],1,12,7,0,humidity,0.49275997716517644,0.3793422281742096,0.9902513844240373
lab1,lab1_reference,lab2_active_8,Lab2 active set [8],1,12,8,1,temperature,0.7755731324613617,0.6330394148826599,-0.2074651953684341
lab1,lab1_reference,lab2_active_8,Lab2 active set [8],1,12,8,1,humidity,5.345752363218616,3.8070781230926514,-0.0015557867541360348
lab1,lab1_reference,lab2_active_8,Lab2 active set [8],1,12,9,0,temperature,0.1308019426626632,0.09878450632095337,0.9742859475200165
lab1,lab1_reference,lab2_active_8,Lab2 active set [8],1,12,9,0,humidity,0.6564208898112645,0.5103791356086731,0.9863366329170383
lab1,lab1_reference,lab2_active_8,Lab2 active set [8],1,12,10,0,temperature,0.13503252772243396,0.10789996385574341,0.9597395034962486
lab1,lab1_reference,lab2_active_8,Lab2 active set [8],1,12,10,0,humidity,0.4329396890711852,0.3575601279735565,0.9927999605813396
lab1,lab1_reference,lab2_active_8,Lab2 active set [8],1,12,11,0,temperature,0.1621242079785309,0.1299983710050583,0.9441545576969035
lab1,lab1_reference,lab2_active_8,Lab2 active set [8],1,12,11,0,humidity,0.5495532800913385,0.43125396966934204,0.9874873163603443
lab1,lab1_reference,lab2_active_8,Lab2 active set [8],1,12,12,0,temperature,0.09113560062824733,0.06716623157262802,0.9826014143193162
lab1,lab1_reference,lab2_active_8,Lab2 active set [8],1,12,12,0,humidity,0.4481239578469048,0.3350277841091156,0.992999925459961
lab1,lab1_reference,lab2_active_8,Lab2 active set [8],1,12,13,0,temperature,0.6929060407646922,0.3693174421787262,0.6236980210269298
lab1,lab1_reference,lab2_active_8,Lab2 active set [8],1,12,13,0,humidity,2.084517091772071,1.291992425918579,0.7765754815553334
lab1,lab1_reference,lab2_active_7,Lab2 active set [7],1,12,1,0,temperature,0.29328889520808593,0.21427808701992035,0.7853573523992532
lab1,lab1_reference,lab2_active_7,Lab2 active set [7],1,12,1,0,humidity,0.9724835774915447,0.744688093662262,0.9679324231695448
lab1,lab1_reference,lab2_active_7,Lab2 active set [7],1,12,2,0,temperature,0.22479622573901958,0.17864860594272614,0.937674705624565
lab1,lab1_reference,lab2_active_7,Lab2 active set [7],1,12,2,0,humidity,1.1787471939490404,0.94743812084198,0.9510060728557425
lab1,lab1_reference,lab2_active_7,Lab2 active set [7],1,12,3,0,temperature,0.23639650380226732,0.16338753700256348,0.8978411684765543
lab1,lab1_reference,lab2_active_7,Lab2 active set [7],1,12,3,0,humidity,0.9227981471189856,0.7359614372253418,0.9676444927631833
lab1,lab1_reference,lab2_active_7,Lab2 active set [7],1,12,4,0,temperature,0.13004178521883147,0.10292737931013107,0.9530237479942091
lab1,lab1_reference,lab2_active_7,Lab2 active set [7],1,12,4,0,humidity,0.5080660847084454,0.4203459918498993,0.9887171682473727
lab1,lab1_reference,lab2_active_7,Lab2 active set [7],1,12,5,0,temperature,0.07872162632743353,0.0603615939617157,0.9853826470100114
lab1,lab1_reference,lab2_active_7,Lab2 active set [7],1,12,5,0,humidity,0.33902152117071,0.2757532000541687,0.9956134410423669
lab1,lab1_reference,lab2_active_7,Lab2 active set [7],1,12,6,0,temperature,0.40423987166432884,0.31651571393013,0.8561452203479516
lab1,lab1_reference,lab2_active_7,Lab2 active set [7],1,12,6,0,humidity,1.5989391147647272,1.2987704277038574,0.922098632969011
lab1,lab1_reference,lab2_active_7,Lab2 active set [7],1,12,7,1,temperature,0.7341090999279851,0.6197564005851746,-0.23386240359568933
lab1,lab1_reference,lab2_active_7,Lab2 active set [7],1,12,7,1,humidity,4.999656283962295,3.540294647216797,-0.003580861610217312
lab1,lab1_reference,lab2_active_7,Lab2 active set [7],1,12,8,0,temperature,0.18376910175245323,0.12075987458229065,0.9322086801466808
lab1,lab1_reference,lab2_active_7,Lab2 active set [7],1,12,8,0,humidity,0.5879660776580897,0.4395524859428406,0.987883923481832
lab1,lab1_reference,lab2_active_7,Lab2 active set [7],1,12,9,0,temperature,0.2048624357667399,0.15703482925891876,0.9369236138333887
lab1,lab1_reference,lab2_active_7,Lab2 active set [7],1,12,9,0,humidity,0.9364492886240502,0.7022769451141357,0.9721925314720317
lab1,lab1_reference,lab2_active_7,Lab2 active set [7],1,12,10,0,temperature,0.09957078578921794,0.07862382382154465,0.9781089699858534
lab1,lab1_reference,lab2_active_7,Lab2 active set [7],1,12,10,0,humidity,0.4767549157591836,0.38042035698890686,0.9912688703982998
lab1,lab1_reference,lab2_active_7,Lab2 active set [7],1,12,11,0,temperature,0.12082123086051813,0.093120276927948,0.9689845201476112
lab1,lab1_reference,lab2_active_7,Lab2 active set [7],1,12,11,0,humidity,0.3956822328616125,0.31189262866973877,0.9935132975710705
lab1,lab1_reference,lab2_active_7,Lab2 active set [7],1,12,12,0,temperature,0.2060838109266817,0.1405797302722931,0.9110336963463271
lab1,lab1_reference,lab2_active_7,Lab2 active set [7],1,12,12,0,humidity,0.6301241863179643,0.4584546387195587,0.9861592811891648
lab1,lab1_reference,lab2_active_7,Lab2 active set [7],1,12,13,0,temperature,0.8472935828049767,0.45868980884552,0.4373275422063939
lab1,lab1_reference,lab2_active_7,Lab2 active set [7],1,12,13,0,humidity,2.429415672281717,1.5497395992279053,0.6965245398734724
lab1,lab1_reference,lab2_active_12,Lab2 active set [12],1,12,1,0,temperature,0.19311979652542707,0.13963915407657623,0.9069367215828692
lab1,lab1_reference,lab2_active_12,Lab2 active set [12],1,12,1,0,humidity,0.6876396990940176,0.5382476449012756,0.9839666790550837
lab1,lab1_reference,lab2_active_12,Lab2 active set [12],1,12,2,0,temperature,0.3585220664188223,0.27067258954048157,0.8414675806230792
lab1,lab1_reference,lab2_active_12,Lab2 active set [12],1,12,2,0,humidity,1.3537068197561724,1.0199142694473267,0.9353825013572652
lab1,lab1_reference,lab2_active_12,Lab2 active set [12],1,12,3,0,temperature,0.12187435061330673,0.08902540057897568,0.9728469603969263
lab1,lab1_reference,lab2_active_12,Lab2 active set [12],1,12,3,0,humidity,0.7086264807765883,0.525420606136322,0.9809203882083134
lab1,lab1_reference,lab2_active_12,Lab2 active set [12],1,12,4,0,temperature,0.16673843445446335,0.1287032514810562,0.9227703651837705
lab1,lab1_reference,lab2_active_12,Lab2 active set [12],1,12,4,0,humidity,0.568053304053241,0.4407326281070709,0.9858955593323604
lab1,lab1_reference,lab2_active_12,Lab2 active set [12],1,12,5,0,temperature,0.15522160654682404,0.11350423097610474,0.9431690394788506
lab1,lab1_reference,lab2_active_12,Lab2 active set [12],1,12,5,0,humidity,0.5929835039999702,0.48300912976264954,0.986579934074159
lab1,lab1_reference,lab2_active_12,Lab2 active set [12],1,12,6,0,temperature,0.585714297697519,0.4192681610584259,0.6979925566659293
lab1,lab1_reference,lab2_active_12,Lab2 active set [12],1,12,6,0,humidity,1.9483494473332934,1.4533500671386719,0.8843315437112851
lab1,lab1_reference,lab2_active_12,Lab2 active set [12],1,12,7,0,temperature,0.18872219346655933,0.13233084976673126,0.9184561009244598
lab1,lab1_reference,lab2_active_12,Lab2 active set [12],1,12,7,0,humidity,0.5508682236415883,0.41349324584007263,0.9878166272769023
lab1,lab1_reference,lab2_active_12,Lab2 active set [12],1,12,8,0,temperature,0.09485714553867218,0.07069858908653259,0.9819378596580098
lab1,lab1_reference,lab2_active_12,Lab2 active set [12],1,12,8,0,humidity,0.37527793280413746,0.27476072311401367,0.9950641321856563
lab1,lab1_reference,lab2_active_12,Lab2 active set [12],1,12,9,0,temperature,0.18344593184684063,0.13602644205093384,0.9494223883893756
lab1,lab1_reference,lab2_active_12,Lab2 active set [12],1,12,9,0,humidity,0.8481904205750964,0.6710605621337891,0.977187144410839
lab1,lab1_reference,lab2_active_12,Lab2 active set [12],1,12,10,0,temperature,0.14558683080376125,0.09901553392410278,0.9531999257699825
lab1,lab1_reference,lab2_active_12,Lab2 active set [12],1,12,10,0,humidity,0.48579311433661426,0.3526208996772766,0.9909346875642695
lab1,lab1_reference,lab2_active_12,Lab2 active set [12],1,12,11,0,temperature,0.16562602947023128,0.11862535029649734,0.941716024507191
lab1,lab1_reference,lab2_active_12,Lab2 active set [12],1,12,11,0,humidity,0.5432682446340358,0.409373939037323,0.9877718853646678
lab1,lab1_reference,lab2_active_12,Lab2 active set [12],1,12,12,1,temperature,0.7612215033022196,0.6120425462722778,-0.21383569150185466
lab1,lab1_reference,lab2_active_12,Lab2 active set [12],1,12,12,1,humidity,5.3735532366020795,3.8768374919891357,-0.006536331544140239
lab1,lab1_reference,lab2_active_12,Lab2 active set [12],1,12,13,0,temperature,0.7763177436103013,0.3732168674468994,0.5276468193072441
lab1,lab1_reference,lab2_active_12,Lab2 active set [12],1,12,13,0,humidity,2.319879151024921,1.3810495138168335,0.7232735477726191
