transfer_mode,protocol_name,display_name,masked_total,r2_humidity,r2_temperature,active_count,score
head_only,lab2_active_5_9,"Lab2 active set [5, 9]",11,0.8763267302988064,0.9345777107030199,2,0.9054522205009131
head_only,lab2_active_2_7,"Lab2 active set [2, 7]",11,0.8771464812600616,0.9319178295004421,2,0.9045321553802519
head_only,lab2_active_8_10,"Lab2 active set [8, 10]",11,0.8718450831091956,0.9333923944250012,2,0.9026187387670984
head_only,lab2_active_5_7,"Lab2 active set [5, 7]",11,0.8696930836211141,0.9330976070759145,2,0.9013953453485143
head_only,lab2_active_10_12,"Lab2 active set [10, 12]",11,0.8641489579353527,0.9357172381864598,2,0.8999330980609063
head_only,lab2_active_7_10,"Lab2 active set [7, 10]",11,0.8717584847014095,0.9272045453485938,2,0.8994815150250016
head_only,lab2_active_5_8,"Lab2 active set [5, 8]",11,0.8637879240017516,0.9336677298588193,2,0.8987278269302854
head_only,lab2_active_1_10,"Lab2 active set [1, 10]",11,0.869129855990666,0.9273944438952191,2,0.8982621499429425
head_only,lab2_active_4_7,"Lab2 active set [4, 7]",11,0.8840026848045158,0.9112448771929116,2,0.8976237809987138
head_only,lab2_active_7_12,"Lab2 active set [7, 12]",11,0.8705348346160565,0.9231243671809186,2,0.8968296008984875
head_only,lab2_active_7_8,"Lab2 active set [7, 8]",11,0.8671358440665417,0.925956905915768,2,0.8965463749911549
head_only,lab2_active_6_12,"Lab2 active set [6, 12]",11,0.8706451178318388,0.9215036722286578,2,0.8960743950302483
head_only,lab2_active_7_11,"Lab2 active set [7, 11]",11,0.8658985945915488,0.9262434300422309,2,0.8960710123168898
head_only,lab2_active_9_10,"Lab2 active set [9, 10]",11,0.8723679780121126,0.9174775154516802,2,0.8949227467318964
head_only,lab2_active_6_7,"Lab2 active set [6, 7]",11,0.8645368266903588,0.9245704447941621,2,0.8945536357422604
head_only,lab2_active_4_9,"Lab2 active set [4, 9]",11,0.8716295057732839,0.9167025576955569,2,0.8941660317344204
head_only,lab2_active_8_12,"Lab2 active set [8, 12]",11,0.8618027951495459,0.9254986252880264,2,0.8936507102187862
head_only,lab2_active_2_8,"Lab2 active set [2, 8]",11,0.8640832452245942,0.9230622763314825,2,0.8935727607780384
head_only,lab2_active_8_9,"Lab2 active set [8, 9]",11,0.8640812476310569,0.9215113815158021,2,0.8927963145734295
head_only,lab2_active_6_8,"Lab2 active set [6, 8]",11,0.8593614786553906,0.9242269250990205,2,0.8917942018772056
head_only,lab2_active_8_11,"Lab2 active set [8, 11]",11,0.8580151561941638,0.9244593503750334,2,0.8912372532845986
head_only,lab2_active_1_6,"Lab2 active set [1, 6]",11,0.8724307030818254,0.9097342873980085,2,0.891082495239917
head_only,lab2_active_3_7,"Lab2 active set [3, 7]",11,0.8639882423009849,0.9181617621333966,2,0.8910750022171907
head_only,lab2_active_1_7,"Lab2 active set [1, 7]",11,0.866584296674948,0.9152908992643319,2,0.8909375979696399
head_only,lab2_active_1_8,"Lab2 active set [1, 8]",11,0.8640358389504239,0.9173964654095056,2,0.8907161521799647
head_only,lab2_active_5_12,"Lab2 active set [5, 12]",11,0.8532691158727176,0.9275231658814203,2,0.8903961408770689
head_only,lab2_active_6_10,"Lab2 active set [6, 10]",11,0.8543785161121826,0.9245657577302672,2,0.8894721369212248
head_only,lab2_active_2_12,"Lab2 active set [2, 12]",11,0.8581505612616293,0.9200152303729237,2,0.8890828958172765
head_only,lab2_active_2_9,"Lab2 active set [2, 9]",11,0.8649346605360203,0.9114711061889879,2,0.8882028833625041
head_only,lab2_active_1_2,"Lab2 active set [1, 2]",11,0.8685787060415344,0.9076115059463258,2,0.8880951059939302
head_only,lab2_active_1_5,"Lab2 active set [1, 5]",11,0.8543904443357258,0.9191915741233578,2,0.8867910092295418
head_only,lab2_active_3_10,"Lab2 active set [3, 10]",11,0.8517763856430592,0.921515691714913,2,0.8866460386789861
head_only,lab2_active_4_8,"Lab2 active set [4, 8]",11,0.8667818138499211,0.906328286427162,2,0.8865550501385415
head_only,lab2_active_3_9,"Lab2 active set [3, 9]",11,0.8621801209772428,0.9094834528345158,2,0.8858317869058794
head_only,lab2_active_3_6,"Lab2 active set [3, 6]",11,0.8608185431468178,0.9089698629560422,2,0.88489420305143
head_only,lab2_active_5_10,"Lab2 active set [5, 10]",11,0.8383294556345183,0.9309329129027155,2,0.884631184268617
head_only,lab2_active_5_6,"Lab2 active set [5, 6]",11,0.8458983249651344,0.922391919330127,2,0.8841451221476306
head_only,lab2_active_3_12,"Lab2 active set [3, 12]",11,0.84865803136312,0.9162944882849817,2,0.8824762598240509
head_only,lab2_active_6_9,"Lab2 active set [6, 9]",11,0.85738432075916,0.9053303373116328,2,0.8813573290353964
head_only,lab2_active_9_11,"Lab2 active set [9, 11]",11,0.849091776769494,0.9134942615413486,2,0.8812930191554214
head_only,lab2_active_9_13,"Lab2 active set [9, 13]",11,0.8553687298238736,0.9057959104749868,2,0.8805823201494302
head_only,lab2_active_2_10,"Lab2 active set [2, 10]",11,0.841834182233985,0.919096700469961,2,0.880465441351973
head_only,lab2_active_1_12,"Lab2 active set [1, 12]",11,0.8505047485636704,0.9093766828985295,2,0.8799407157310999
head_only,lab2_active_4_10,"Lab2 active set [4, 10]",11,0.8595638364908506,0.899953590523088,2,0.8797587135069693
head_only,lab2_active_3_5,"Lab2 active set [3, 5]",11,0.8399883138883806,0.9170200859493528,2,0.8785041999188667
head_only,lab2_active_3_8,"Lab2 active set [3, 8]",11,0.8366783743617072,0.9184759668575875,2,0.8775771706096474
head_only,lab2_active_7_9,"Lab2 active set [7, 9]",11,0.8550269714736116,0.8983553324575039,2,0.8766911519655578
head_only,lab2_active_1_3,"Lab2 active set [1, 3]",11,0.8402765517846825,0.9121335376234607,2,0.8762050447040717
head_only,lab2_active_11_12,"Lab2 active set [11, 12]",11,0.8360124874142263,0.9163298430260178,2,0.8761711652201221
head_only,lab2_active_2_3,"Lab2 active set [2, 3]",11,0.855683066335433,0.8941475068351203,2,0.8749152865852767
head_only,lab2_active_9_12,"Lab2 active set [9, 12]",11,0.8405384806845043,0.9076037831593571,2,0.8740711319219308
head_only,lab2_active_10_13,"Lab2 active set [10, 13]",11,0.8342405993508817,0.9109392388036845,2,0.8725899190772831
head_only,lab2_active_8_13,"Lab2 active set [8, 13]",11,0.829591520449208,0.9135976792166838,2,0.871594599832946
head_only,lab2_active_3_4,"Lab2 active set [3, 4]",11,0.8565901683497189,0.8816382997385789,2,0.8691142340441489
head_only,lab2_active_4_12,"Lab2 active set [4, 12]",11,0.8456761860382186,0.8891273555846896,2,0.8674017708114541
head_only,lab2_active_1_9,"Lab2 active set [1, 9]",11,0.828334740540143,0.9034348474434476,2,0.8658847939917953
head_only,lab2_active_2_5,"Lab2 active set [2, 5]",11,0.826858957336096,0.9041968565407731,2,0.8655279069384345
head_only,lab2_active_4_5,"Lab2 active set [4, 5]",11,0.84041584808842,0.886687254816509,2,0.8635515514524645
head_only,lab2_active_12_13,"Lab2 active set [12, 13]",11,0.8218259099533018,0.9018138097968725,2,0.8618198598750872
head_only,lab2_active_4_6,"Lab2 active set [4, 6]",11,0.8481483168998932,0.8737963121312083,2,0.8609723145155508
head_only,lab2_active_1_13,"Lab2 active set [1, 13]",11,0.8290708002386096,0.8925938831622076,2,0.8608323417004086
head_only,lab2_active_2_4,"Lab2 active set [2, 4]",11,0.8377203308600526,0.8776587499433154,2,0.857689540401684
head_only,lab2_active_10_11,"Lab2 active set [10, 11]",11,0.8033229619385429,0.9115871305130904,2,0.8574550462258166
head_only,lab2_active_3_11,"Lab2 active set [3, 11]",11,0.8163878787230365,0.898111974846799,2,0.8572499267849178
head_only,lab2_active_1_11,"Lab2 active set [1, 11]",11,0.8255209934816305,0.8791228816231283,2,0.8523219375523794
head_only,lab2_active_6_11,"Lab2 active set [6, 11]",11,0.8169091731460119,0.8858286480246443,2,0.8513689105853282
head_only,lab2_active_5_11,"Lab2 active set [5, 11]",11,0.7912770076898392,0.8969240233649107,2,0.844100515527375
head_only,lab2_active_2_11,"Lab2 active set [2, 11]",11,0.8031092803080313,0.884065303246586,2,0.8435872917773086
head_only,lab2_active_3_13,"Lab2 active set [3, 13]",11,0.7904690992223474,0.8950360302223361,2,0.8427525647223417
head_only,lab2_active_5_13,"Lab2 active set [5, 13]",11,0.7860440284101029,0.8973785793082087,2,0.8417113038591558
head_only,lab2_active_2_13,"Lab2 active set [2, 13]",11,0.8087757955729079,0.8548477703008897,2,0.8318117829368987
head_only,lab2_active_1_4,"Lab2 active set [1, 4]",11,0.8153762944985206,0.8411384684959475,2,0.828257381497234
head_only,lab2_active_2_6,"Lab2 active set [2, 6]",11,0.7972851069747685,0.8489544992129604,2,0.8231198030938645
head_only,lab2_active_7_13,"Lab2 active set [7, 13]",11,0.7709564803681,0.8583240190024439,2,0.814640249685272
head_only,lab2_active_6_13,"Lab2 active set [6, 13]",11,0.7839258525876102,0.838800623011672,2,0.8113632377996411
head_only,lab2_active_4_13,"Lab2 active set [4, 13]",11,0.7883396847265546,0.8333453420461368,2,0.8108425133863457
head_only,lab2_active_11_13,"Lab2 active set [11, 13]",11,0.7512199105285059,0.8667599199895244,2,0.8089899152590152
head_only,lab2_active_4_11,"Lab2 active set [4, 11]",11,0.7625689070726233,0.8323631982434385,2,0.7974660526580308
head_only,lab2_active_4_6_7,"Lab2 active set [4, 6, 7]",10,0.8977456457737232,0.9409863300645436,3,0.9193659879191334
head_only,lab2_active_4_6_9,"Lab2 active set [4, 6, 9]",10,0.897009624831488,0.9351454362444789,3,0.9160775305379835
head_only,lab2_active_2_4_7,"Lab2 active set [2, 4, 7]",10,0.8922304337760772,0.9395907101033968,3,0.915910571939737
head_only,lab2_active_5_6_9,"Lab2 active set [5, 6, 9]",10,0.8925833742277067,0.9385801849540223,3,0.9155817795908645
head_only,lab2_active_6_9_10,"Lab2 active set [6, 9, 10]",10,0.8958100394073215,0.9349426654819101,3,0.9153763524446158
head_only,lab2_active_3_6_9,"Lab2 active set [3, 6, 9]",10,0.899357892904471,0.9301945767696613,3,0.9147762348370662
head_only,lab2_active_2_5_9,"Lab2 active set [2, 5, 9]",10,0.8903292826095914,0.9389781150701976,3,0.9146536988398946
head_only,lab2_active_1_5_9,"Lab2 active set [1, 5, 9]",10,0.8898293754245228,0.9354620529957555,3,0.9126457142101392
head_only,lab2_active_6_8_9,"Lab2 active set [6, 8, 9]",10,0.8907943000876235,0.9327862477413641,3,0.9117902739144939
head_only,lab2_active_2_3_9,"Lab2 active set [2, 3, 9]",10,0.8929384917236275,0.9273672789071379,3,0.9101528853153826
head_only,lab2_active_6_7_10,"Lab2 active set [6, 7, 10]",10,0.8818644396123234,0.9374477664013559,3,0.9096561030068396
head_only,lab2_active_5_9_12,"Lab2 active set [5, 9, 12]",10,0.8830427091024075,0.9361169088882769,3,0.9095798089953422
head_only,lab2_active_4_6_8,"Lab2 active set [4, 6, 8]",10,0.8880310580834261,0.9307209544250638,3,0.9093760062542449
head_only,lab2_active_2_8_9,"Lab2 active set [2, 8, 9]",10,0.8844942606633166,0.9339795316634559,3,0.9092368961633863
head_only,lab2_active_5_6_7,"Lab2 active set [5, 6, 7]",10,0.8799442420540781,0.937218364032107,3,0.9085813030430925
head_only,lab2_active_6_8_10,"Lab2 active set [6, 8, 10]",10,0.8779299344868422,0.9392320114193067,3,0.9085809729530745
head_only,lab2_active_6_10_12,"Lab2 active set [6, 10, 12]",10,0.8770711469626767,0.9392796969754051,3,0.908175421969041
head_only,lab2_active_2_4_9,"Lab2 active set [2, 4, 9]",10,0.8858440399626489,0.9302516329987379,3,0.9080478364806934
head_only,lab2_active_6_8_12,"Lab2 active set [6, 8, 12]",10,0.8811695536593808,0.9343441736041527,3,0.9077568636317668
head_only,lab2_active_2_7_8,"Lab2 active set [2, 7, 8]",10,0.8746993990206968,0.9397941893469396,3,0.9072467941838183
head_only,lab2_active_2_3_7,"Lab2 active set [2, 3, 7]",10,0.8775402388718304,0.936497372335996,3,0.9070188056039132
head_only,lab2_active_2_9_10,"Lab2 active set [2, 9, 10]",10,0.8848934368277676,0.9289486281244924,3,0.90692103247613
head_only,lab2_active_4_9_10,"Lab2 active set [4, 9, 10]",10,0.8876424274646353,0.9258513810009384,3,0.9067469042327869
head_only,lab2_active_7_8_11,"Lab2 active set [7, 8, 11]",10,0.8777144256549142,0.9356157717765655,3,0.9066650987157399
head_only,lab2_active_6_7_11,"Lab2 active set [6, 7, 11]",10,0.8767960377366266,0.9361673698500861,3,0.9064817037933564
head_only,lab2_active_5_7_8,"Lab2 active set [5, 7, 8]",10,0.877340078611331,0.9352762408931985,3,0.9063081597522648
head_only,lab2_active_5_7_12,"Lab2 active set [5, 7, 12]",10,0.8761232453516672,0.9364230593072722,3,0.9062731523294697
head_only,lab2_active_1_6_7,"Lab2 active set [1, 6, 7]",10,0.8813657836362683,0.9310738025292424,3,0.9062197930827554
head_only,lab2_active_2_5_7,"Lab2 active set [2, 5, 7]",10,0.873800821745076,0.9386118765766821,3,0.906206349160879
head_only,lab2_active_1_2_7,"Lab2 active set [1, 2, 7]",10,0.8773346184052175,0.9350198399010229,3,0.9061772291531203
head_only,lab2_active_7_10_12,"Lab2 active set [7, 10, 12]",10,0.8785704421802146,0.93376221872053,3,0.9061663304503723
head_only,lab2_active_2_6_7,"Lab2 active set [2, 6, 7]",10,0.8813232373410572,0.9307993858243448,3,0.906061311582701
head_only,lab2_active_2_7_10,"Lab2 active set [2, 7, 10]",10,0.8752361073632174,0.9368700524979201,3,0.9060530799305688
head_only,lab2_active_1_8_10,"Lab2 active set [1, 8, 10]",10,0.8804743078612977,0.9315546635091934,3,0.9060144856852455
head_only,lab2_active_6_7_8,"Lab2 active set [6, 7, 8]",10,0.8753123450716566,0.9367072895131645,3,0.9060098172924105
head_only,lab2_active_2_9_13,"Lab2 active set [2, 9, 13]",10,0.8814606049441669,0.9304949575270137,3,0.9059777812355903
head_only,lab2_active_9_10_12,"Lab2 active set [9, 10, 12]",10,0.8811959047123862,0.9306177481371473,3,0.9059068264247667
head_only,lab2_active_4_7_8,"Lab2 active set [4, 7, 8]",10,0.8881416044724199,0.9227935597914256,3,0.9054675821319227
head_only,lab2_active_8_10_12,"Lab2 active set [8, 10, 12]",10,0.8755647709482038,0.9345701973829414,3,0.9050674841655726
head_only,lab2_active_1_7_10,"Lab2 active set [1, 7, 10]",10,0.8786937919922384,0.9311620502177801,3,0.9049279211050092
head_only,lab2_active_9_11_12,"Lab2 active set [9, 11, 12]",10,0.8788599960824561,0.930830399553022,3,0.9048451978177391
head_only,lab2_active_3_6_7,"Lab2 active set [3, 6, 7]",10,0.8781310923911825,0.9315038942284105,3,0.9048174933097965
head_only,lab2_active_5_6_8,"Lab2 active set [5, 6, 8]",10,0.8701800965432775,0.9392231775685064,3,0.904701637055892
head_only,lab2_active_5_8_9,"Lab2 active set [5, 8, 9]",10,0.8772958329415287,0.9317886111860043,3,0.9045422220637664
head_only,lab2_active_2_7_11,"Lab2 active set [2, 7, 11]",10,0.8694713265015103,0.9395790428648196,3,0.904525184683165
head_only,lab2_active_1_2_9,"Lab2 active set [1, 2, 9]",10,0.8762284446210142,0.9320026809144216,3,0.904115562767718
head_only,lab2_active_6_9_11,"Lab2 active set [6, 9, 11]",10,0.8805984045410606,0.9275804762166978,3,0.9040894403788793
head_only,lab2_active_7_8_10,"Lab2 active set [7, 8, 10]",10,0.8763959291306294,0.9315365351179923,3,0.9039662321243108
head_only,lab2_active_5_9_10,"Lab2 active set [5, 9, 10]",10,0.8784288823681654,0.929129622883176,3,0.9037792526256707
head_only,lab2_active_3_9_11,"Lab2 active set [3, 9, 11]",10,0.8793338031487263,0.9279659301937028,3,0.9036498666712145
head_only,lab2_active_4_7_10,"Lab2 active set [4, 7, 10]",10,0.887109721871792,0.9198872829699071,3,0.9034985024208495
head_only,lab2_active_1_6_10,"Lab2 active set [1, 6, 10]",10,0.8722244168053007,0.9345582342769257,3,0.9033913255411132
head_only,lab2_active_1_9_10,"Lab2 active set [1, 9, 10]",10,0.879935385849768,0.9268408017006856,3,0.9033880937752268
head_only,lab2_active_4_6_12,"Lab2 active set [4, 6, 12]",10,0.8834641052881532,0.9233049382663767,3,0.9033845217772649
head_only,lab2_active_1_5_7,"Lab2 active set [1, 5, 7]",10,0.872174004535407,0.9345028365813407,3,0.9033384205583739
head_only,lab2_active_4_5_9,"Lab2 active set [4, 5, 9]",10,0.8809000878091411,0.9251557424798684,3,0.9030279151445048
head_only,lab2_active_7_11_12,"Lab2 active set [7, 11, 12]",10,0.8701286914344964,0.9357635428245902,3,0.9029461171295433
head_only,lab2_active_3_6_12,"Lab2 active set [3, 6, 12]",10,0.8783020836031883,0.9271305292293449,3,0.9027163064162667
head_only,lab2_active_2_8_12,"Lab2 active set [2, 8, 12]",10,0.8717769089219706,0.9336481055397332,3,0.902712507230852
head_only,lab2_active_1_6_12,"Lab2 active set [1, 6, 12]",10,0.8809116397798056,0.924401065962004,3,0.9026563528709048
head_only,lab2_active_5_6_12,"Lab2 active set [5, 6, 12]",10,0.8672861424279438,0.9377999044154846,3,0.9025430234217142
head_only,lab2_active_4_8_9,"Lab2 active set [4, 8, 9]",10,0.8796577924444815,0.9249593896993774,3,0.9023085910719295
head_only,lab2_active_8_9_10,"Lab2 active set [8, 9, 10]",10,0.8789866284524267,0.9251365270793132,3,0.9020615777658699
head_only,lab2_active_7_10_11,"Lab2 active set [7, 10, 11]",10,0.8690403780485672,0.9348032482968498,3,0.9019218131727085
head_only,lab2_active_6_7_12,"Lab2 active set [6, 7, 12]",10,0.8742925209331349,0.9290431292235047,3,0.9016678250783199
head_only,lab2_active_4_7_9,"Lab2 active set [4, 7, 9]",10,0.8776584015655964,0.9255476557184867,3,0.9016030286420416
head_only,lab2_active_3_4_7,"Lab2 active set [3, 4, 7]",10,0.8857143169534372,0.9174164228551559,3,0.9015653699042965
head_only,lab2_active_2_4_8,"Lab2 active set [2, 4, 8]",10,0.8762330281981903,0.9268562641125359,3,0.9015446461553631
head_only,lab2_active_1_9_11,"Lab2 active set [1, 9, 11]",10,0.8748978551935227,0.9281534843899722,3,0.9015256697917475
head_only,lab2_active_6_9_13,"Lab2 active set [6, 9, 13]",10,0.88056514519009,0.9224754361744801,3,0.901520290682285
head_only,lab2_active_1_2_8,"Lab2 active set [1, 2, 8]",10,0.8766303121016981,0.9262241525339576,3,0.9014272323178278
head_only,lab2_active_1_7_8,"Lab2 active set [1, 7, 8]",10,0.8751328949430436,0.9275953927044764,3,0.9013641438237601
head_only,lab2_active_8_9_11,"Lab2 active set [8, 9, 11]",10,0.8725064009969378,0.9301110888166744,3,0.901308744906806
head_only,lab2_active_9_10_11,"Lab2 active set [9, 10, 11]",10,0.8749349984743807,0.9275065577624104,3,0.9012207781183956
head_only,lab2_active_5_9_11,"Lab2 active set [5, 9, 11]",10,0.8701058161436275,0.9322290856588022,3,0.9011674509012149
head_only,lab2_active_5_7_9,"Lab2 active set [5, 7, 9]",10,0.8718768886273094,0.9303102481335278,3,0.9010935683804187
head_only,lab2_active_2_7_12,"Lab2 active set [2, 7, 12]",10,0.8701961674594606,0.931924474614023,3,0.9010603210367418
head_only,lab2_active_4_9_11,"Lab2 active set [4, 9, 11]",10,0.8832507295349304,0.9188540320978048,3,0.9010523808163676
head_only,lab2_active_5_9_13,"Lab2 active set [5, 9, 13]",10,0.8755339276477392,0.9264470705614709,3,0.900990499104605
head_only,lab2_active_2_8_10,"Lab2 active set [2, 8, 10]",10,0.8680404747171822,0.9338991722465065,3,0.9009698234818444
head_only,lab2_active_2_4_12,"Lab2 active set [2, 4, 12]",10,0.8780312519211007,0.9237336194892768,3,0.9008824357051888
head_only,lab2_active_4_6_10,"Lab2 active set [4, 6, 10]",10,0.8789264349866404,0.9226348438502339,3,0.9007806394184371
head_only,lab2_active_1_6_8,"Lab2 active set [1, 6, 8]",10,0.8762197733459564,0.9252726002132511,3,0.9007461867796037
head_only,lab2_active_3_6_8,"Lab2 active set [3, 6, 8]",10,0.8687699408173859,0.9327210523560059,3,0.9007454965866959
head_only,lab2_active_2_7_9,"Lab2 active set [2, 7, 9]",10,0.8812288663850144,0.9202386438522839,3,0.9007337551186492
head_only,lab2_active_5_8_12,"Lab2 active set [5, 8, 12]",10,0.8686369229149586,0.9327056339724873,3,0.900671278443723
head_only,lab2_active_7_8_12,"Lab2 active set [7, 8, 12]",10,0.8717443262063596,0.9295777345442873,3,0.9006610303753234
head_only,lab2_active_4_5_7,"Lab2 active set [4, 5, 7]",10,0.884370601894775,0.916391980524187,3,0.9003812912094811
head_only,lab2_active_1_3_6,"Lab2 active set [1, 3, 6]",10,0.8774976115596248,0.9225200153816027,3,0.9000088134706137
head_only,lab2_active_3_7_11,"Lab2 active set [3, 7, 11]",10,0.8729041011816494,0.9271060633134509,3,0.9000050822475502
head_only,lab2_active_3_9_10,"Lab2 active set [3, 9, 10]",10,0.8781373943597243,0.9217281770268837,3,0.8999327856933039
head_only,lab2_active_6_8_11,"Lab2 active set [6, 8, 11]",10,0.8718646852034104,0.9278967379970472,3,0.8998807116002288
head_only,lab2_active_4_9_12,"Lab2 active set [4, 9, 12]",10,0.877196574064532,0.9223381695914152,3,0.8997673718279736
head_only,lab2_active_5_7_10,"Lab2 active set [5, 7, 10]",10,0.8663098643778813,0.9332138963244531,3,0.8997618803511671
head_only,lab2_active_3_4_9,"Lab2 active set [3, 4, 9]",10,0.8834186378374054,0.9157011940669714,3,0.8995599159521883
head_only,lab2_active_1_6_9,"Lab2 active set [1, 6, 9]",10,0.8768521555696854,0.922203846342205,3,0.8995280009559452
head_only,lab2_active_2_9_12,"Lab2 active set [2, 9, 12]",10,0.873628510139667,0.9251820934935784,3,0.8994053018166227
head_only,lab2_active_1_7_11,"Lab2 active set [1, 7, 11]",10,0.8678286373444983,0.9309802955034367,3,0.8994044664239675
head_only,lab2_active_3_5_9,"Lab2 active set [3, 5, 9]",10,0.8771423921802517,0.9216532234756847,3,0.8993978078279682
head_only,lab2_active_5_8_10,"Lab2 active set [5, 8, 10]",10,0.8649878009997137,0.9337427723243048,3,0.8993652866620092
head_only,lab2_active_2_9_11,"Lab2 active set [2, 9, 11]",10,0.8669323652349836,0.9317148985912956,3,0.8993236319131397
head_only,lab2_active_2_3_12,"Lab2 active set [2, 3, 12]",10,0.8699905919960093,0.9284487772354238,3,0.8992196846157166
head_only,lab2_active_5_7_11,"Lab2 active set [5, 7, 11]",10,0.8661936691721629,0.9319151555525184,3,0.8990544123623406
head_only,lab2_active_2_3_8,"Lab2 active set [2, 3, 8]",10,0.8681845608407482,0.9296080068275356,3,0.8988962838341419
head_only,lab2_active_1_7_12,"Lab2 active set [1, 7, 12]",10,0.8709624884032461,0.9266942027065432,3,0.8988283455548947
head_only,lab2_active_4_8_10,"Lab2 active set [4, 8, 10]",10,0.8766629115946455,0.9208415166715332,3,0.8987522141330894
head_only,lab2_active_6_12_13,"Lab2 active set [6, 12, 13]",10,0.8704586287285724,0.9268205628371693,3,0.8986395957828708
head_only,lab2_active_6_7_9,"Lab2 active set [6, 7, 9]",10,0.8780182312992753,0.9191539949526035,3,0.8985861131259394
head_only,lab2_active_1_10_12,"Lab2 active set [1, 10, 12]",10,0.8674705251285294,0.9296883979135553,3,0.8985794615210423
head_only,lab2_active_2_10_12,"Lab2 active set [2, 10, 12]",10,0.8626497797250109,0.9341979696656109,3,0.8984238746953108
head_only,lab2_active_2_5_8,"Lab2 active set [2, 5, 8]",10,0.8647643322854017,0.9319750314785029,3,0.8983696818819523
head_only,lab2_active_2_6_8,"Lab2 active set [2, 6, 8]",10,0.8732197363991971,0.9234691152569661,3,0.8983444258280816
head_only,lab2_active_1_4_9,"Lab2 active set [1, 4, 9]",10,0.8764622113530508,0.9201755360959987,3,0.8983188737245247
head_only,lab2_active_4_7_12,"Lab2 active set [4, 7, 12]",10,0.8814474713967329,0.915155648387536,3,0.8983015598921344
head_only,lab2_active_2_5_12,"Lab2 active set [2, 5, 12]",10,0.8606149342460339,0.9358665385877613,3,0.8982407364168976
head_only,lab2_active_6_9_12,"Lab2 active set [6, 9, 12]",10,0.8748442913356776,0.9210926828221994,3,0.8979684870789385
head_only,lab2_active_9_10_13,"Lab2 active set [9, 10, 13]",10,0.8762356787451592,0.9194444633479844,3,0.8978400710465717
head_only,lab2_active_3_5_7,"Lab2 active set [3, 5, 7]",10,0.8731450285411259,0.9225220937579113,3,0.8978335611495185
head_only,lab2_active_8_11_12,"Lab2 active set [8, 11, 12]",10,0.8669383825404826,0.9282563812820703,3,0.8975973819112765
head_only,lab2_active_3_7_10,"Lab2 active set [3, 7, 10]",10,0.8725348461299579,0.9225816724804707,3,0.8975582593052143
head_only,lab2_active_1_8_9,"Lab2 active set [1, 8, 9]",10,0.8707206843190313,0.9243826444764134,3,0.8975516643977224
head_only,lab2_active_5_6_10,"Lab2 active set [5, 6, 10]",10,0.8616307185551713,0.9329763404844071,3,0.8973035295197892
head_only,lab2_active_6_11_12,"Lab2 active set [6, 11, 12]",10,0.868140632947614,0.9264343658628476,3,0.8972874994052308
head_only,lab2_active_2_8_11,"Lab2 active set [2, 8, 11]",10,0.8662806574030846,0.9281864578802422,3,0.8972335576416635
head_only,lab2_active_6_8_13,"Lab2 active set [6, 8, 13]",10,0.8627409472049623,0.9313025056367591,3,0.8970217264208606
head_only,lab2_active_5_10_12,"Lab2 active set [5, 10, 12]",10,0.8550932345440609,0.9371233893057838,3,0.8961083119249224
head_only,lab2_active_2_6_9,"Lab2 active set [2, 6, 9]",10,0.8791287486098706,0.9129488434074275,3,0.8960387960086491
head_only,lab2_active_9_11_13,"Lab2 active set [9, 11, 13]",10,0.8694035538191511,0.9226551743432067,3,0.896029364081179
head_only,lab2_active_1_5_8,"Lab2 active set [1, 5, 8]",10,0.8623204436797386,0.9296226596327805,3,0.8959715516562595
head_only,lab2_active_2_6_12,"Lab2 active set [2, 6, 12]",10,0.8708007731045451,0.9209903632535611,3,0.895895568179053
head_only,lab2_active_1_2_12,"Lab2 active set [1, 2, 12]",10,0.8635493143286392,0.9280998102933454,3,0.8958245623109924
head_only,lab2_active_1_3_7,"Lab2 active set [1, 3, 7]",10,0.8679560497987141,0.9229886384196083,3,0.8954723441091612
head_only,lab2_active_4_5_8,"Lab2 active set [4, 5, 8]",10,0.8697304927134741,0.9205956213759394,3,0.8951630570447068
head_only,lab2_active_4_9_13,"Lab2 active set [4, 9, 13]",10,0.881977468568081,0.9082734737322034,3,0.8951254711501422
head_only,lab2_active_1_2_10,"Lab2 active set [1, 2, 10]",10,0.8616376749909562,0.9280964142171156,3,0.8948670446040359
head_only,lab2_active_1_2_3,"Lab2 active set [1, 2, 3]",10,0.8768002726150427,0.9120003751714416,3,0.8944003238932421
head_only,lab2_active_1_4_7,"Lab2 active set [1, 4, 7]",10,0.8810004952249753,0.9077385272712228,3,0.894369511248099
head_only,lab2_active_4_7_13,"Lab2 active set [4, 7, 13]",10,0.8786556574167101,0.9097397886427631,3,0.8941977230297367
head_only,lab2_active_7_9_10,"Lab2 active set [7, 9, 10]",10,0.8724574127080025,0.9157657902424524,3,0.8941116014752275
head_only,lab2_active_1_5_6,"Lab2 active set [1, 5, 6]",10,0.8593098022778984,0.9286000148447688,3,0.8939549085613336
head_only,lab2_active_7_9_13,"Lab2 active set [7, 9, 13]",10,0.8709151556286151,0.9165888314172748,3,0.893751993522945
head_only,lab2_active_3_7_12,"Lab2 active set [3, 7, 12]",10,0.8662356657141511,0.9209874724505929,3,0.893611569082372
head_only,lab2_active_2_11_12,"Lab2 active set [2, 11, 12]",10,0.8577744230955412,0.9294019943175968,3,0.893588208706569
head_only,lab2_active_3_6_10,"Lab2 active set [3, 6, 10]",10,0.868213930103565,0.9182142331624638,3,0.8932140816330143
head_only,lab2_active_1_8_12,"Lab2 active set [1, 8, 12]",10,0.8641106343782865,0.9221462631296001,3,0.8931284487539433
head_only,lab2_active_1_2_6,"Lab2 active set [1, 2, 6]",10,0.8706460694095566,0.9153898246058676,3,0.8930179470077121
head_only,lab2_active_4_8_12,"Lab2 active set [4, 8, 12]",10,0.8708713190677752,0.9145733421746558,3,0.8927223306212155
head_only,lab2_active_4_10_12,"Lab2 active set [4, 10, 12]",10,0.8694950083746538,0.9158959624470966,3,0.8926954854108752
head_only,lab2_active_3_8_10,"Lab2 active set [3, 8, 10]",10,0.8600428576637213,0.9252986103081514,3,0.8926707339859363
head_only,lab2_active_3_9_13,"Lab2 active set [3, 9, 13]",10,0.8738598808723206,0.9112433889408015,3,0.892551634906561
head_only,lab2_active_8_9_13,"Lab2 active set [8, 9, 13]",10,0.864451104931238,0.9206444068470525,3,0.8925477558891453
head_only,lab2_active_3_7_8,"Lab2 active set [3, 7, 8]",10,0.8656052491126458,0.9193089685289041,3,0.8924571088207749
head_only,lab2_active_1_3_9,"Lab2 active set [1, 3, 9]",10,0.8680315783194597,0.9164028897802344,3,0.8922172340498471
head_only,lab2_active_2_8_13,"Lab2 active set [2, 8, 13]",10,0.8591567397228873,0.9246226972165903,3,0.8918897184697387
head_only,lab2_active_3_7_9,"Lab2 active set [3, 7, 9]",10,0.8656792919679022,0.9180467004014332,3,0.8918629961846677
head_only,lab2_active_4_7_11,"Lab2 active set [4, 7, 11]",10,0.8686536860235754,0.9148006505598635,3,0.8917271682917194
head_only,lab2_active_5_8_11,"Lab2 active set [5, 8, 11]",10,0.8553503268734178,0.9273880337280184,3,0.8913691803007181
head_only,lab2_active_1_5_12,"Lab2 active set [1, 5, 12]",10,0.8584745936730106,0.9241013760171093,3,0.8912879848450599
head_only,lab2_active_7_8_9,"Lab2 active set [7, 8, 9]",10,0.8626049148465113,0.9198607330778628,3,0.891232823962187
head_only,lab2_active_8_9_12,"Lab2 active set [8, 9, 12]",10,0.8593606817945451,0.9229261110140933,3,0.8911433964043192
head_only,lab2_active_2_6_10,"Lab2 active set [2, 6, 10]",10,0.8599282471309153,0.9222329364115289,3,0.8910805917712221
head_only,lab2_active_2_7_13,"Lab2 active set [2, 7, 13]",10,0.8571449249251288,0.9249578443824231,3,0.891051384653776
head_only,lab2_active_1_3_10,"Lab2 active set [1, 3, 10]",10,0.8589898316941759,0.9226829962905803,3,0.8908364139923781
head_only,lab2_active_2_4_10,"Lab2 active set [2, 4, 10]",10,0.8625336774424771,0.9189622900748717,3,0.8907479837586745
head_only,lab2_active_6_10_13,"Lab2 active set [6, 10, 13]",10,0.8643637622143263,0.9169113450512898,3,0.890637553632808
head_only,lab2_active_3_10_12,"Lab2 active set [3, 10, 12]",10,0.8547896127905147,0.9260468125776422,3,0.8904182126840785
head_only,lab2_active_2_3_10,"Lab2 active set [2, 3, 10]",10,0.8583797831085703,0.9219004484222579,3,0.8901401157654141
head_only,lab2_active_1_9_13,"Lab2 active set [1, 9, 13]",10,0.8666963674102088,0.9134891505197215,3,0.8900927589649652
head_only,lab2_active_1_8_11,"Lab2 active set [1, 8, 11]",10,0.8613453484760231,0.9185107887450337,3,0.8899280686105284
head_only,lab2_active_1_5_10,"Lab2 active set [1, 5, 10]",10,0.8502173934767405,0.9296204784109471,3,0.8899189359438437
head_only,lab2_active_3_4_6,"Lab2 active set [3, 4, 6]",10,0.8729873476879211,0.9066958889842868,3,0.889841618336104
head_only,lab2_active_2_5_6,"Lab2 active set [2, 5, 6]",10,0.8632552683163717,0.9162134129203613,3,0.8897343406183664
head_only,lab2_active_2_5_10,"Lab2 active set [2, 5, 10]",10,0.8482614477340621,0.9310856320477156,3,0.8896735398908888
head_only,lab2_active_1_6_13,"Lab2 active set [1, 6, 13]",10,0.8671897426376477,0.9107955894947806,3,0.8889926660662142
head_only,lab2_active_4_5_12,"Lab2 active set [4, 5, 12]",10,0.86230170580553,0.9155647007188299,3,0.88893320326218
head_only,lab2_active_8_10_11,"Lab2 active set [8, 10, 11]",10,0.8474220211975456,0.9294727582524203,3,0.8884473897249829
head_only,lab2_active_1_2_4,"Lab2 active set [1, 2, 4]",10,0.8715324897694464,0.9045645129342345,3,0.8880485013518404
head_only,lab2_active_3_9_12,"Lab2 active set [3, 9, 12]",10,0.8614079450682292,0.914615215451249,3,0.888011580259739
head_only,lab2_active_7_10_13,"Lab2 active set [7, 10, 13]",10,0.856338941707514,0.9193408749704466,3,0.8878399083389803
head_only,lab2_active_1_3_12,"Lab2 active set [1, 3, 12]",10,0.85814099818589,0.9173245717437335,3,0.8877327849648118
head_only,lab2_active_3_8_9,"Lab2 active set [3, 8, 9]",10,0.8607965928637977,0.9146309409925567,3,0.8877137669281772
head_only,lab2_active_4_8_11,"Lab2 active set [4, 8, 11]",10,0.8642851023207527,0.9101077089119621,3,0.8871964056163575
head_only,lab2_active_3_4_8,"Lab2 active set [3, 4, 8]",10,0.8623378970330484,0.9118468040552078,3,0.8870923505441282
head_only,lab2_active_2_3_6,"Lab2 active set [2, 3, 6]",10,0.8732231974919828,0.9007875570507543,3,0.8870053772713686
head_only,lab2_active_3_5_8,"Lab2 active set [3, 5, 8]",10,0.8520720892894944,0.9210037655844795,3,0.8865379274369869
head_only,lab2_active_3_5_12,"Lab2 active set [3, 5, 12]",10,0.8484372388833548,0.9231673651147858,3,0.8858023019990703
head_only,lab2_active_4_5_6,"Lab2 active set [4, 5, 6]",10,0.8570220386458515,0.9145508994654409,3,0.8857864690556462
head_only,lab2_active_4_5_10,"Lab2 active set [4, 5, 10]",10,0.8574978255250498,0.9139813986070797,3,0.8857396120660648
head_only,lab2_active_3_5_6,"Lab2 active set [3, 5, 6]",10,0.8527018019385613,0.9187383075543877,3,0.8857200547464745
head_only,lab2_active_1_7_13,"Lab2 active set [1, 7, 13]",10,0.8563395879449465,0.9147270972319224,3,0.8855333425884344
head_only,lab2_active_2_12_13,"Lab2 active set [2, 12, 13]",10,0.847719681176,0.9232349087271684,3,0.8854772949515842
head_only,lab2_active_1_2_5,"Lab2 active set [1, 2, 5]",10,0.8506268175856966,0.9190748745133368,3,0.8848508460495167
head_only,lab2_active_2_3_4,"Lab2 active set [2, 3, 4]",10,0.8624189317940664,0.9072749617917881,3,0.8848469467929272
head_only,lab2_active_2_3_5,"Lab2 active set [2, 3, 5]",10,0.8514419042430854,0.9177432556913433,3,0.8845925799672143
head_only,lab2_active_6_10_11,"Lab2 active set [6, 10, 11]",10,0.8513935551098132,0.9176433969043796,3,0.8845184760070963
head_only,lab2_active_2_4_6,"Lab2 active set [2, 4, 6]",10,0.8637925960507755,0.9045797940607959,3,0.8841861950557857
head_only,lab2_active_8_10_13,"Lab2 active set [8, 10, 13]",10,0.8490909504033006,0.9192735865986055,3,0.884182268500953
head_only,lab2_active_1_10_13,"Lab2 active set [1, 10, 13]",10,0.8542808932596144,0.9140479086957012,3,0.8841644009776578
head_only,lab2_active_1_3_8,"Lab2 active set [1, 3, 8]",10,0.849419957878905,0.9188590098039241,3,0.8841394838414145
head_only,lab2_active_7_9_12,"Lab2 active set [7, 9, 12]",10,0.855585113669216,0.9123996353435321,3,0.883992374506374
head_only,lab2_active_3_8_11,"Lab2 active set [3, 8, 11]",10,0.8461388181921499,0.9214027958334151,3,0.8837708070127825
head_only,lab2_active_7_9_11,"Lab2 active set [7, 9, 11]",10,0.8505533069684588,0.9167532113028639,3,0.8836532591356614
head_only,lab2_active_1_4_6,"Lab2 active set [1, 4, 6]",10,0.8759275474742393,0.8902121989250344,3,0.8830698731996369
head_only,lab2_active_3_4_10,"Lab2 active set [3, 4, 10]",10,0.8579734892229977,0.9080628181501317,3,0.8830181536865647
head_only,lab2_active_1_4_8,"Lab2 active set [1, 4, 8]",10,0.8647800944695204,0.9007197412790189,3,0.8827499178742697
head_only,lab2_active_10_11_12,"Lab2 active set [10, 11, 12]",10,0.835814533339386,0.9296801511335335,3,0.8827473422364598
head_only,lab2_active_10_12_13,"Lab2 active set [10, 12, 13]",10,0.8457798313574697,0.919287417015519,3,0.8825336241864943
head_only,lab2_active_3_8_12,"Lab2 active set [3, 8, 12]",10,0.8467697526862471,0.9177390130837882,3,0.8822543828850177
head_only,lab2_active_6_7_13,"Lab2 active set [6, 7, 13]",10,0.8479403578664874,0.9158290004911346,3,0.881884679178811
head_only,lab2_active_1_4_10,"Lab2 active set [1, 4, 10]",10,0.8638164929535074,0.8993276955067734,3,0.8815720942301404
head_only,lab2_active_1_8_13,"Lab2 active set [1, 8, 13]",10,0.8530529256769616,0.9098515834199988,3,0.8814522545484802
head_only,lab2_active_3_5_10,"Lab2 active set [3, 5, 10]",10,0.8401978703335113,0.9221554811093279,3,0.8811766757214197
head_only,lab2_active_2_10_13,"Lab2 active set [2, 10, 13]",10,0.8427590921563327,0.9192296977884145,3,0.8809943949723735
head_only,lab2_active_5_8_13,"Lab2 active set [5, 8, 13]",10,0.8404872676089634,0.9212663558188564,3,0.8808768117139099
head_only,lab2_active_9_12_13,"Lab2 active set [9, 12, 13]",10,0.8464976082096557,0.9151444982546847,3,0.8808210532321702
head_only,lab2_active_3_4_12,"Lab2 active set [3, 4, 12]",10,0.8564861817868237,0.904769638938213,3,0.8806279103625183
head_only,lab2_active_3_11_12,"Lab2 active set [3, 11, 12]",10,0.8416259637582459,0.9196181240722038,3,0.8806220439152248
head_only,lab2_active_3_4_5,"Lab2 active set [3, 4, 5]",10,0.8576237908358456,0.9029426930139928,3,0.8802832419249191
head_only,lab2_active_3_7_13,"Lab2 active set [3, 7, 13]",10,0.8477809802248133,0.9120131813076008,3,0.879897080766207
head_only,lab2_active_7_8_13,"Lab2 active set [7, 8, 13]",10,0.8365980445303425,0.9227817505595983,3,0.8796898975449704
head_only,lab2_active_5_11_12,"Lab2 active set [5, 11, 12]",10,0.8341361287932271,0.9247518609903155,3,0.8794439948917713
head_only,lab2_active_1_6_11,"Lab2 active set [1, 6, 11]",10,0.8559861709983925,0.9016394616239591,3,0.8788128163111758
head_only,lab2_active_1_3_5,"Lab2 active set [1, 3, 5]",10,0.8394801286540601,0.9171530960580484,3,0.8783166123560542
head_only,lab2_active_5_7_13,"Lab2 active set [5, 7, 13]",10,0.8419250430681579,0.9146154547142316,3,0.8782702488911946
head_only,lab2_active_2_3_11,"Lab2 active set [2, 3, 11]",10,0.846806109060021,0.9095277639794804,3,0.8781669365197506
head_only,lab2_active_4_8_13,"Lab2 active set [4, 8, 13]",10,0.858303684250282,0.8980150808133536,3,0.8781593825318178
head_only,lab2_active_2_6_11,"Lab2 active set [2, 6, 11]",10,0.8522561418528357,0.903986651518002,3,0.8781213966854189
head_only,lab2_active_2_4_5,"Lab2 active set [2, 4, 5]",10,0.8508097418154649,0.9052949320981986,3,0.8780523369568317
head_only,lab2_active_7_11_13,"Lab2 active set [7, 11, 13]",10,0.8416881307298183,0.913964900134811,3,0.8778265154323146
head_only,lab2_active_8_11_13,"Lab2 active set [8, 11, 13]",10,0.8412291838034953,0.9143635802615069,3,0.8777963820325011
head_only,lab2_active_1_9_12,"Lab2 active set [1, 9, 12]",10,0.841688694500541,0.9137877269845224,3,0.8777382107425317
head_only,lab2_active_1_7_9,"Lab2 active set [1, 7, 9]",10,0.8472203092522357,0.9073358072000417,3,0.8772780582261387
head_only,lab2_active_7_12_13,"Lab2 active set [7, 12, 13]",10,0.8382895864888732,0.9160071030450445,3,0.8771483447669588
head_only,lab2_active_1_2_11,"Lab2 active set [1, 2, 11]",10,0.8426700352502071,0.9099239605915412,3,0.8762969979208741
head_only,lab2_active_1_2_13,"Lab2 active set [1, 2, 13]",10,0.851581202069341,0.9005633496363837,3,0.8760722758528623
head_only,lab2_active_1_10_11,"Lab2 active set [1, 10, 11]",10,0.8328076978987642,0.9173981435269815,3,0.8751029207128729
head_only,lab2_active_5_6_11,"Lab2 active set [5, 6, 11]",10,0.840569482169409,0.9083483615647878,3,0.8744589218670984
head_only,lab2_active_2_10_11,"Lab2 active set [2, 10, 11]",10,0.8272213616214626,0.9215482182248167,3,0.8743847899231396
head_only,lab2_active_3_6_11,"Lab2 active set [3, 6, 11]",10,0.8460042189569906,0.9005091521747145,3,0.8732566855658526
head_only,lab2_active_1_11_12,"Lab2 active set [1, 11, 12]",10,0.8343865392837775,0.9111932390192764,3,0.8727898891515269
head_only,lab2_active_4_10_13,"Lab2 active set [4, 10, 13]",10,0.8473975204680186,0.8978642662296541,3,0.8726308933488364
head_only,lab2_active_5_12_13,"Lab2 active set [5, 12, 13]",10,0.8287430449166888,0.9143324036388768,3,0.8715377242777829
head_only,lab2_active_3_10_13,"Lab2 active set [3, 10, 13]",10,0.8323312329114573,0.9103823061973146,3,0.871356769554386
head_only,lab2_active_8_12_13,"Lab2 active set [8, 12, 13]",10,0.8307600329739058,0.9115419260067087,3,0.8711509794903072
head_only,lab2_active_5_10_13,"Lab2 active set [5, 10, 13]",10,0.8238932260574318,0.9181595328087702,3,0.871026379433101
head_only,lab2_active_1_4_5,"Lab2 active set [1, 4, 5]",10,0.851375379187387,0.8897261928887441,3,0.8705507860380656
head_only,lab2_active_1_5_13,"Lab2 active set [1, 5, 13]",10,0.8261900646552937,0.9134123059222927,3,0.8698011852887932
head_only,lab2_active_2_5_11,"Lab2 active set [2, 5, 11]",10,0.8260435033946669,0.9135379454380325,3,0.8697907244163496
head_only,lab2_active_4_12_13,"Lab2 active set [4, 12, 13]",10,0.8461076906838537,0.8933887548126557,3,0.8697482227482547
head_only,lab2_active_3_10_11,"Lab2 active set [3, 10, 11]",10,0.8233494239241597,0.9134287041381589,3,0.8683890640311593
head_only,lab2_active_1_3_4,"Lab2 active set [1, 3, 4]",10,0.8514553696091661,0.8853034779661209,3,0.8683794237876434
head_only,lab2_active_3_6_13,"Lab2 active set [3, 6, 13]",10,0.8345514019029466,0.902099014565885,3,0.8683252082344158
head_only,lab2_active_11_12_13,"Lab2 active set [11, 12, 13]",10,0.8238419897807476,0.9104993543703247,3,0.8671706720755361
head_only,lab2_active_3_8_13,"Lab2 active set [3, 8, 13]",10,0.8225507388737902,0.9105984372870435,3,0.8665745880804168
head_only,lab2_active_4_11_12,"Lab2 active set [4, 11, 12]",10,0.8353885519643177,0.8976448105051007,3,0.8665166812347092
head_only,lab2_active_1_12_13,"Lab2 active set [1, 12, 13]",10,0.8324934156846555,0.900482782163527,3,0.8664880989240913
head_only,lab2_active_3_5_11,"Lab2 active set [3, 5, 11]",10,0.8260528902557299,0.905681536372605,3,0.8658672133141674
head_only,lab2_active_5_10_11,"Lab2 active set [5, 10, 11]",10,0.8122824166599097,0.9192137655163244,3,0.865748091088117
head_only,lab2_active_2_6_13,"Lab2 active set [2, 6, 13]",10,0.8559528798384544,0.8749231091867323,3,0.8654379945125934
head_only,lab2_active_1_4_12,"Lab2 active set [1, 4, 12]",10,0.8421927392446853,0.8873216988452808,3,0.864757219044983
head_only,lab2_active_5_6_13,"Lab2 active set [5, 6, 13]",10,0.8232870710467589,0.9043574709155416,3,0.8638222709811503
head_only,lab2_active_3_12_13,"Lab2 active set [3, 12, 13]",10,0.8169456548273205,0.9103895699404496,3,0.8636676123838851
head_only,lab2_active_4_6_13,"Lab2 active set [4, 6, 13]",10,0.8408589750723512,0.8856109287226721,3,0.8632349518975116
head_only,lab2_active_2_5_13,"Lab2 active set [2, 5, 13]",10,0.8233917130212512,0.9026655130742689,3,0.86302861304776
head_only,lab2_active_2_4_11,"Lab2 active set [2, 4, 11]",10,0.8352485624081585,0.8900605881336828,3,0.8626545752709207
head_only,lab2_active_2_3_13,"Lab2 active set [2, 3, 13]",10,0.8330788769535838,0.8918994848786803,3,0.8624891809161321
head_only,lab2_active_1_3_13,"Lab2 active set [1, 3, 13]",10,0.8272917676174483,0.8976436219960142,3,0.8624676948067312
head_only,lab2_active_1_3_11,"Lab2 active set [1, 3, 11]",10,0.8267280742464246,0.8978003271606879,3,0.8622642007035562
head_only,lab2_active_10_11_13,"Lab2 active set [10, 11, 13]",10,0.8128060838351144,0.9101323474190777,3,0.861469215627096
head_only,lab2_active_1_5_11,"Lab2 active set [1, 5, 11]",10,0.818209326423191,0.8997194133915308,3,0.8589643699073609
head_only,lab2_active_4_6_11,"Lab2 active set [4, 6, 11]",10,0.8425790016635121,0.873226411813473,3,0.8579027067384926
head_only,lab2_active_3_4_13,"Lab2 active set [3, 4, 13]",10,0.8347874566044087,0.8806389885860317,3,0.8577132225952202
head_only,lab2_active_4_5_13,"Lab2 active set [4, 5, 13]",10,0.8197730939789651,0.8888619222164683,3,0.8543175080977168
head_only,lab2_active_3_4_11,"Lab2 active set [3, 4, 11]",10,0.8286053456015038,0.8799178854241139,3,0.8542616155128089
head_only,lab2_active_4_10_11,"Lab2 active set [4, 10, 11]",10,0.811110391706121,0.8920790845767073,3,0.8515947381414142
head_only,lab2_active_6_11_13,"Lab2 active set [6, 11, 13]",10,0.8217765051857966,0.8796488829064807,3,0.8507126940461387
head_only,lab2_active_1_4_13,"Lab2 active set [1, 4, 13]",10,0.833541134945405,0.8658601339997359,3,0.8497006344725705
head_only,lab2_active_3_5_13,"Lab2 active set [3, 5, 13]",10,0.7892479604279502,0.9041261672383462,3,0.8466870638331482
head_only,lab2_active_2_11_13,"Lab2 active set [2, 11, 13]",10,0.8027097866111761,0.8899926918930746,3,0.8463512392521253
head_only,lab2_active_5_11_13,"Lab2 active set [5, 11, 13]",10,0.7902131736585698,0.8991682386766379,3,0.8446907061676039
head_only,lab2_active_3_11_13,"Lab2 active set [3, 11, 13]",10,0.7945516454915368,0.8916717502791512,3,0.843111697885344
head_only,lab2_active_1_11_13,"Lab2 active set [1, 11, 13]",10,0.7984964139953976,0.8799186707606925,3,0.8392075423780451
head_only,lab2_active_2_4_13,"Lab2 active set [2, 4, 13]",10,0.813712411944129,0.8626884433206055,3,0.8382004276323672
head_only,lab2_active_1_4_11,"Lab2 active set [1, 4, 11]",10,0.8155690313353401,0.855500882379374,3,0.8355349568573571
head_only,lab2_active_4_5_11,"Lab2 active set [4, 5, 11]",10,0.802202907733984,0.8667440069907868,3,0.8344734573623853
head_only,lab2_active_4_11_13,"Lab2 active set [4, 11, 13]",10,0.7910642302584363,0.8580404389814196,3,0.8245523346199279
head_only,lab2_active_2_4_5_6_9,"Lab2 active set [2, 4, 5, 6, 9]",8,0.8993847343835151,0.9417048806006523,5,0.9205448074920837
head_only,lab2_active_3_4_5_6_7,"Lab2 active set [3, 4, 5, 6, 7]",8,0.8910500497810617,0.936178614195629,5,0.9136143319883454
head_only,lab2_active_6_7_8_10_12,"Lab2 active set [6, 7, 8, 10, 12]",8,0.8812611189276185,0.9406292495814974,5,0.910945184254558
head_only,lab2_active_4_6_8_10_12,"Lab2 active set [4, 6, 8, 10, 12]",8,0.884392125419831,0.9373549071345408,5,0.9108735162771859
head_only,lab2_active_1_6_7_8_9,"Lab2 active set [1, 6, 7, 8, 9]",8,0.8864446767513936,0.9345687587779051,5,0.9105067177646493
head_only,lab2_active_2_7_9_10_11,"Lab2 active set [2, 7, 9, 10, 11]",8,0.8836981614562871,0.9333435057940449,5,0.908520833625166
head_only,lab2_active_2_3_5_7_8,"Lab2 active set [2, 3, 5, 7, 8]",8,0.8722754155973914,0.9392245589957459,5,0.9057499872965686
head_only,lab2_active_1_6_8_10_11,"Lab2 active set [1, 6, 8, 10, 11]",8,0.8795810205785245,0.9300150871209679,5,0.9047980538497462
head_only,lab2_active_1_3_4_6_8,"Lab2 active set [1, 3, 4, 6, 8]",8,0.8800007500508596,0.9279168905537725,5,0.9039588203023161
head_only,lab2_active_1_7_9_11_13,"Lab2 active set [1, 7, 9, 11, 13]",8,0.8781367839652258,0.9291933627546279,5,0.9036650733599269
head_only,lab2_active_3_5_6_10_12,"Lab2 active set [3, 5, 6, 10, 12]",8,0.8627718784988994,0.9323964837569473,5,0.8975841811279233
head_only,lab2_active_3_4_7_10_12,"Lab2 active set [3, 4, 7, 10, 12]",8,0.878421391830319,0.9162225414532121,5,0.8973219666417656
head_only,lab2_active_3_7_9_10_13,"Lab2 active set [3, 7, 9, 10, 13]",8,0.87461879392627,0.9196022777010184,5,0.8971105358136442
head_only,lab2_active_2_5_6_10_13,"Lab2 active set [2, 5, 6, 10, 13]",8,0.8616746253044216,0.9280120919648505,5,0.894843358634636
head_only,lab2_active_2_3_6_10_11,"Lab2 active set [2, 3, 6, 10, 11]",8,0.8719559526741437,0.9169957129722639,5,0.8944758328232039
head_only,lab2_active_4_7_10_11_13,"Lab2 active set [4, 7, 10, 11, 13]",8,0.8715639378204287,0.9168844015739736,5,0.8942241696972011
head_only,lab2_active_1_5_6_10_13,"Lab2 active set [1, 5, 6, 10, 13]",8,0.8521566786198517,0.9228904079542809,5,0.8875235432870663
head_only,lab2_active_1_3_9_12_13,"Lab2 active set [1, 3, 9, 12, 13]",8,0.8598293000055846,0.908387281759767,5,0.8841082908826758
head_only,lab2_active_1_4_10_12_13,"Lab2 active set [1, 4, 10, 12, 13]",8,0.8579003999952678,0.9049673384541322,5,0.8814338692247
head_only,lab2_active_2_3_4_5_13,"Lab2 active set [2, 3, 4, 5, 13]",8,0.8339614966257648,0.9058418981195607,5,0.8699016973726628
partial_finetune,lab2_active_4_9,"Lab2 active set [4, 9]",11,0.850045322098667,0.9033882577541827,2,0.8767167899264249
partial_finetune,lab2_active_5_9,"Lab2 active set [5, 9]",11,0.8361616578180023,0.9159756616991444,2,0.8760686597585734
partial_finetune,lab2_active_4_7,"Lab2 active set [4, 7]",11,0.8555335680209463,0.8955625293657139,2,0.87554804869333
partial_finetune,lab2_active_8_9,"Lab2 active set [8, 9]",11,0.8372234617559781,0.9128435293130595,2,0.8750334955345187
partial_finetune,lab2_active_9_10,"Lab2 active set [9, 10]",11,0.8447438505704,0.903234365571598,2,0.8739891080709989
partial_finetune,lab2_active_7_10,"Lab2 active set [7, 10]",11,0.8294965949389081,0.9075404561481574,2,0.8685185255435328
partial_finetune,lab2_active_3_9,"Lab2 active set [3, 9]",11,0.8386646975175746,0.8970086030639001,2,0.8678366502907373
partial_finetune,lab2_active_1_9,"Lab2 active set [1, 9]",11,0.8290977669594339,0.9045200436550989,2,0.8668089053072664
partial_finetune,lab2_active_1_7,"Lab2 active set [1, 7]",11,0.8324226653916905,0.9009084847482993,2,0.866665575069995
partial_finetune,lab2_active_5_7,"Lab2 active set [5, 7]",11,0.8208447103603341,0.9117114380082143,2,0.8662780741842742
partial_finetune,lab2_active_7_8,"Lab2 active set [7, 8]",11,0.8211752589548635,0.9087425661303627,2,0.8649589125426131
partial_finetune,lab2_active_7_12,"Lab2 active set [7, 12]",11,0.823058252828611,0.905039836810469,2,0.8640490448195399
partial_finetune,lab2_active_8_10,"Lab2 active set [8, 10]",11,0.8190146879275364,0.9085627113998915,2,0.863788699663714
partial_finetune,lab2_active_9_12,"Lab2 active set [9, 12]",11,0.8209328497259871,0.9040444228474368,2,0.8624886362867119
partial_finetune,lab2_active_9_11,"Lab2 active set [9, 11]",11,0.8254897492529334,0.8992404605821492,2,0.8623651049175414
partial_finetune,lab2_active_3_7,"Lab2 active set [3, 7]",11,0.8238604696410012,0.8968927857400077,2,0.8603766276905045
partial_finetune,lab2_active_8_12,"Lab2 active set [8, 12]",11,0.8137507356161447,0.9068336491630663,2,0.8602921923896055
partial_finetune,lab2_active_7_11,"Lab2 active set [7, 11]",11,0.8169202558332139,0.9035677511263936,2,0.8602440034798038
partial_finetune,lab2_active_5_8,"Lab2 active set [5, 8]",11,0.8086146434913306,0.9096485245620544,2,0.8591315840266924
partial_finetune,lab2_active_4_8,"Lab2 active set [4, 8]",11,0.8312675448114059,0.8860761817936932,2,0.8586718633025495
partial_finetune,lab2_active_1_12,"Lab2 active set [1, 12]",11,0.8124064269313966,0.9021621341421505,2,0.8572842805367735
partial_finetune,lab2_active_1_10,"Lab2 active set [1, 10]",11,0.814838650830943,0.898018118037536,2,0.8564283844342395
partial_finetune,lab2_active_7_9,"Lab2 active set [7, 9]",11,0.821116566783021,0.8890320456825691,2,0.855074306232795
partial_finetune,lab2_active_1_8,"Lab2 active set [1, 8]",11,0.8139101050367678,0.8958852670933015,2,0.8548976860650346
partial_finetune,lab2_active_2_9,"Lab2 active set [2, 9]",11,0.8145815645116554,0.8951470885538632,2,0.8548643265327593
partial_finetune,lab2_active_9_13,"Lab2 active set [9, 13]",11,0.816341599076077,0.8924281319925579,2,0.8543848655343174
partial_finetune,lab2_active_10_12,"Lab2 active set [10, 12]",11,0.7998726517690813,0.9085533062033005,2,0.854212978986191
partial_finetune,lab2_active_2_7,"Lab2 active set [2, 7]",11,0.8060524714040741,0.9008608672844937,2,0.8534566693442839
partial_finetune,lab2_active_6_9,"Lab2 active set [6, 9]",11,0.8121581290287982,0.8923266482558042,2,0.8522423886423012
partial_finetune,lab2_active_5_12,"Lab2 active set [5, 12]",11,0.7930633676130209,0.9038162643687707,2,0.8484398159908958
partial_finetune,lab2_active_3_12,"Lab2 active set [3, 12]",11,0.8007962019074947,0.8917844139966221,2,0.8462903079520584
partial_finetune,lab2_active_4_12,"Lab2 active set [4, 12]",11,0.8175011765894821,0.8717122139866318,2,0.8446066952880569
partial_finetune,lab2_active_4_10,"Lab2 active set [4, 10]",11,0.8114577635861728,0.8746643290171863,2,0.8430610463016796
partial_finetune,lab2_active_8_11,"Lab2 active set [8, 11]",11,0.7920775455331721,0.892769945614365,2,0.8424237455737685
partial_finetune,lab2_active_3_10,"Lab2 active set [3, 10]",11,0.794812843929583,0.8886702106158961,2,0.8417415272727395
partial_finetune,lab2_active_2_8,"Lab2 active set [2, 8]",11,0.7922880747941119,0.8910728290200366,2,0.8416804519070742
partial_finetune,lab2_active_1_5,"Lab2 active set [1, 5]",11,0.7918331997362766,0.8912492657781376,2,0.8415412327572072
partial_finetune,lab2_active_5_10,"Lab2 active set [5, 10]",11,0.7790062393539035,0.902411589328426,2,0.8407089143411648
partial_finetune,lab2_active_1_3,"Lab2 active set [1, 3]",11,0.7958254723524942,0.8802743380654774,2,0.8380499052089858
partial_finetune,lab2_active_6_7,"Lab2 active set [6, 7]",11,0.777926591924446,0.8969939039395354,2,0.8374602479319907
partial_finetune,lab2_active_2_12,"Lab2 active set [2, 12]",11,0.7872270724462211,0.8844660761681867,2,0.8358465743072039
partial_finetune,lab2_active_3_8,"Lab2 active set [3, 8]",11,0.7789215552674817,0.8915685819081308,2,0.8352450685878063
partial_finetune,lab2_active_6_12,"Lab2 active set [6, 12]",11,0.7772088191147273,0.8873907254664399,2,0.8322997722905836
partial_finetune,lab2_active_3_5,"Lab2 active set [3, 5]",11,0.7801873591344244,0.8835679622100883,2,0.8318776606722563
partial_finetune,lab2_active_3_4,"Lab2 active set [3, 4]",11,0.8105599794139197,0.851279436405769,2,0.8309197079098443
partial_finetune,lab2_active_1_2,"Lab2 active set [1, 2]",11,0.7941049326136328,0.8669355902487562,2,0.8305202614311945
partial_finetune,lab2_active_6_8,"Lab2 active set [6, 8]",11,0.7689796791055531,0.8899822845076119,2,0.8294809818065825
partial_finetune,lab2_active_2_10,"Lab2 active set [2, 10]",11,0.7694036455801705,0.8825978088627545,2,0.8260007272214624
partial_finetune,lab2_active_4_5,"Lab2 active set [4, 5]",11,0.7902255473258949,0.8616810016633859,2,0.8259532744946404
partial_finetune,lab2_active_6_10,"Lab2 active set [6, 10]",11,0.7646939798724286,0.8842172618894819,2,0.8244556208809553
partial_finetune,lab2_active_8_13,"Lab2 active set [8, 13]",11,0.7649036907676131,0.8837603152490173,2,0.8243320030083152
partial_finetune,lab2_active_10_13,"Lab2 active set [10, 13]",11,0.7674038155526681,0.8801723105286491,2,0.8237880630406587
partial_finetune,lab2_active_1_6,"Lab2 active set [1, 6]",11,0.776281408365895,0.8647552338116054,2,0.8205183210887501
partial_finetune,lab2_active_12_13,"Lab2 active set [12, 13]",11,0.7621524404482367,0.8770878354455129,2,0.8196201379468748
partial_finetune,lab2_active_11_12,"Lab2 active set [11, 12]",11,0.7495520271892621,0.8759296769947114,2,0.8127408520919868
partial_finetune,lab2_active_5_6,"Lab2 active set [5, 6]",11,0.7451413969049477,0.8786098690858507,2,0.8118756329953992
partial_finetune,lab2_active_2_3,"Lab2 active set [2, 3]",11,0.773234421570091,0.8462920455678595,2,0.8097632335689753
partial_finetune,lab2_active_2_5,"Lab2 active set [2, 5]",11,0.7488666239927496,0.8681351374152423,2,0.808500880703996
partial_finetune,lab2_active_1_4,"Lab2 active set [1, 4]",11,0.7961826495256873,0.8185782981015824,2,0.8073804738136349
partial_finetune,lab2_active_2_4,"Lab2 active set [2, 4]",11,0.7708026874544753,0.8421623883777865,2,0.8064825379161309
partial_finetune,lab2_active_1_13,"Lab2 active set [1, 13]",11,0.7602375070597598,0.852266345550206,2,0.8062519263049829
partial_finetune,lab2_active_3_6,"Lab2 active set [3, 6]",11,0.7554868982661306,0.8530346796814724,2,0.8042607889738015
partial_finetune,lab2_active_10_11,"Lab2 active set [10, 11]",11,0.7165102960124334,0.8738813015959158,2,0.7951957988041747
partial_finetune,lab2_active_3_11,"Lab2 active set [3, 11]",11,0.7361915683792433,0.8528982785987042,2,0.7945449234889737
partial_finetune,lab2_active_4_6,"Lab2 active set [4, 6]",11,0.7587804123550504,0.8289285526917929,2,0.7938544825234217
partial_finetune,lab2_active_5_11,"Lab2 active set [5, 11]",11,0.7067745507354467,0.8608991348864041,2,0.7838368428109255
partial_finetune,lab2_active_1_11,"Lab2 active set [1, 11]",11,0.7364557407092617,0.8299651850138665,2,0.7832104628615641
partial_finetune,lab2_active_5_13,"Lab2 active set [5, 13]",11,0.6992787615229037,0.8577642217174927,2,0.7785214916201981
partial_finetune,lab2_active_2_11,"Lab2 active set [2, 11]",11,0.7105324420503382,0.8435123606324676,2,0.7770224013414029
partial_finetune,lab2_active_6_11,"Lab2 active set [6, 11]",11,0.6984386057290314,0.8335279410762779,2,0.7659832734026546
partial_finetune,lab2_active_7_13,"Lab2 active set [7, 13]",11,0.6964189106330712,0.833517053401409,2,0.7649679820172401
partial_finetune,lab2_active_3_13,"Lab2 active set [3, 13]",11,0.6885940895691038,0.8405793783589767,2,0.7645867339640402
partial_finetune,lab2_active_4_13,"Lab2 active set [4, 13]",11,0.7138810555815345,0.7963279058746343,2,0.7551044807280844
partial_finetune,lab2_active_2_13,"Lab2 active set [2, 13]",11,0.7064582435348921,0.800324543040282,2,0.7533913932875871
partial_finetune,lab2_active_2_6,"Lab2 active set [2, 6]",11,0.6998583080830806,0.8040446411561952,2,0.7519514746196378
partial_finetune,lab2_active_11_13,"Lab2 active set [11, 13]",11,0.6417626254453377,0.8169087361246986,2,0.7293356807850182
partial_finetune,lab2_active_4_11,"Lab2 active set [4, 11]",11,0.6619424887859486,0.7909489084823774,2,0.726445698634163
partial_finetune,lab2_active_6_13,"Lab2 active set [6, 13]",11,0.6557678031284941,0.7625096242682752,2,0.7091387136983847
partial_finetune,lab2_active_4_9_10,"Lab2 active set [4, 9, 10]",10,0.8618312759395719,0.9098197962100373,3,0.8858255360748046
partial_finetune,lab2_active_1_4_9,"Lab2 active set [1, 4, 9]",10,0.8592141329123083,0.9057526352109331,3,0.8824833840616206
partial_finetune,lab2_active_4_8_9,"Lab2 active set [4, 8, 9]",10,0.8533336343492729,0.909939219963551,3,0.8816364271564119
partial_finetune,lab2_active_4_5_9,"Lab2 active set [4, 5, 9]",10,0.8527084628652701,0.9103164811971008,3,0.8815124720311855
partial_finetune,lab2_active_1_5_9,"Lab2 active set [1, 5, 9]",10,0.846057709884326,0.9153216761634473,3,0.8806896930238867
partial_finetune,lab2_active_9_10_12,"Lab2 active set [9, 10, 12]",10,0.8459489036125223,0.9149632896495442,3,0.8804560966310333
partial_finetune,lab2_active_5_9_12,"Lab2 active set [5, 9, 12]",10,0.8427022789230576,0.9179102549240533,3,0.8803062669235555
partial_finetune,lab2_active_5_9_10,"Lab2 active set [5, 9, 10]",10,0.8479091156330884,0.9124638074779645,3,0.8801864615555264
partial_finetune,lab2_active_4_9_12,"Lab2 active set [4, 9, 12]",10,0.8505772884996623,0.9088605159648953,3,0.8797189022322788
partial_finetune,lab2_active_3_4_9,"Lab2 active set [3, 4, 9]",10,0.8580743530176197,0.901184648206004,3,0.8796295006118118
partial_finetune,lab2_active_8_9_10,"Lab2 active set [8, 9, 10]",10,0.8490862774654245,0.9096949746215076,3,0.8793906260434661
partial_finetune,lab2_active_4_7_8,"Lab2 active set [4, 7, 8]",10,0.8545762276406117,0.9039307470409305,3,0.8792534873407711
partial_finetune,lab2_active_5_8_9,"Lab2 active set [5, 8, 9]",10,0.8428417705241633,0.9156398220724173,3,0.8792407962982903
partial_finetune,lab2_active_1_9_10,"Lab2 active set [1, 9, 10]",10,0.8467527644193465,0.9113359119614783,3,0.8790443381904125
partial_finetune,lab2_active_8_9_11,"Lab2 active set [8, 9, 11]",10,0.8447188053228066,0.9133517963070873,3,0.879035300814947
partial_finetune,lab2_active_4_6_9,"Lab2 active set [4, 6, 9]",10,0.8469968000314853,0.9109853765854296,3,0.8789910883084574
partial_finetune,lab2_active_9_11_12,"Lab2 active set [9, 11, 12]",10,0.8436007212297812,0.9130754007564176,3,0.8783380609930994
partial_finetune,lab2_active_4_7_10,"Lab2 active set [4, 7, 10]",10,0.8549141992220685,0.9016895374014394,3,0.8783018683117539
partial_finetune,lab2_active_4_7_9,"Lab2 active set [4, 7, 9]",10,0.8478028363813407,0.9072272984031854,3,0.877515067392263
partial_finetune,lab2_active_3_9_10,"Lab2 active set [3, 9, 10]",10,0.84921105506938,0.9056012637399224,3,0.8774061594046512
partial_finetune,lab2_active_3_9_11,"Lab2 active set [3, 9, 11]",10,0.8470776690146096,0.9073920684823465,3,0.8772348687484781
partial_finetune,lab2_active_1_8_9,"Lab2 active set [1, 8, 9]",10,0.8414359638261951,0.9122651702809423,3,0.8768505670535687
partial_finetune,lab2_active_6_9_10,"Lab2 active set [6, 9, 10]",10,0.8417806854794393,0.9117591627133141,3,0.8767699240963767
partial_finetune,lab2_active_3_4_7,"Lab2 active set [3, 4, 7]",10,0.8553070022866367,0.8972777556734575,3,0.8762923789800471
partial_finetune,lab2_active_3_5_9,"Lab2 active set [3, 5, 9]",10,0.8459746141944903,0.9062993278234603,3,0.8761369710089753
partial_finetune,lab2_active_5_9_11,"Lab2 active set [5, 9, 11]",10,0.837864475171026,0.9141132378219816,3,0.8759888564965038
partial_finetune,lab2_active_4_9_11,"Lab2 active set [4, 9, 11]",10,0.8512172475622614,0.9002858309984314,3,0.8757515392803463
partial_finetune,lab2_active_9_10_11,"Lab2 active set [9, 10, 11]",10,0.8420137421400149,0.9091647057734065,3,0.8755892239567107
partial_finetune,lab2_active_9_10_13,"Lab2 active set [9, 10, 13]",10,0.844854460835983,0.9054363780960156,3,0.8751454194659993
partial_finetune,lab2_active_4_5_7,"Lab2 active set [4, 5, 7]",10,0.84998044946102,0.899174602928296,3,0.874577526194658
partial_finetune,lab2_active_2_5_9,"Lab2 active set [2, 5, 9]",10,0.8338081458153812,0.913170111558132,3,0.8734891286867565
partial_finetune,lab2_active_1_3_9,"Lab2 active set [1, 3, 9]",10,0.8444982111655108,0.90222270661156,3,0.8733604588885354
partial_finetune,lab2_active_2_4_9,"Lab2 active set [2, 4, 9]",10,0.8408829759686836,0.905736638441652,3,0.8733098072051677
partial_finetune,lab2_active_3_6_9,"Lab2 active set [3, 6, 9]",10,0.8418514192909862,0.9043135368784625,3,0.8730824780847244
partial_finetune,lab2_active_7_8_11,"Lab2 active set [7, 8, 11]",10,0.832161345543687,0.9131806970766358,3,0.8726710213101614
partial_finetune,lab2_active_5_7_9,"Lab2 active set [5, 7, 9]",10,0.8336811331094812,0.9114503015831341,3,0.8725657173463077
partial_finetune,lab2_active_1_9_11,"Lab2 active set [1, 9, 11]",10,0.8368188370145623,0.9082710466220661,3,0.8725449418183142
partial_finetune,lab2_active_4_7_12,"Lab2 active set [4, 7, 12]",10,0.8472904830662039,0.897268055069594,3,0.8722792690678989
partial_finetune,lab2_active_7_8_10,"Lab2 active set [7, 8, 10]",10,0.833255596192976,0.9108330361973794,3,0.8720443161951776
partial_finetune,lab2_active_5_7_8,"Lab2 active set [5, 7, 8]",10,0.8297686726892917,0.9133098224467767,3,0.8715392475680341
partial_finetune,lab2_active_5_9_13,"Lab2 active set [5, 9, 13]",10,0.8338282784619382,0.9089688336457736,3,0.871398556053856
partial_finetune,lab2_active_7_9_10,"Lab2 active set [7, 9, 10]",10,0.8431726320304713,0.8995528913958892,3,0.8713627617131803
partial_finetune,lab2_active_7_10_12,"Lab2 active set [7, 10, 12]",10,0.830051107169121,0.9125594402702971,3,0.8713052737197091
partial_finetune,lab2_active_4_9_13,"Lab2 active set [4, 9, 13]",10,0.8491093594926421,0.8930084727872918,3,0.8710589161399669
partial_finetune,lab2_active_5_6_9,"Lab2 active set [5, 6, 9]",10,0.8293085889009996,0.9125903189632505,3,0.870949453932125
partial_finetune,lab2_active_1_4_7,"Lab2 active set [1, 4, 7]",10,0.8522633453906857,0.8883171865349747,3,0.8702902659628302
partial_finetune,lab2_active_8_9_12,"Lab2 active set [8, 9, 12]",10,0.8289286874072259,0.9113141335269244,3,0.8701214104670751
partial_finetune,lab2_active_6_8_9,"Lab2 active set [6, 8, 9]",10,0.8281295287688321,0.9113679374001786,3,0.8697487330845053
partial_finetune,lab2_active_8_9_13,"Lab2 active set [8, 9, 13]",10,0.8314895568860832,0.9078618975740494,3,0.8696757272300664
partial_finetune,lab2_active_4_6_7,"Lab2 active set [4, 6, 7]",10,0.8282684321961823,0.9109644823505973,3,0.8696164572733898
partial_finetune,lab2_active_1_6_9,"Lab2 active set [1, 6, 9]",10,0.8325250393554134,0.9066925817107552,3,0.8696088105330844
partial_finetune,lab2_active_1_7_10,"Lab2 active set [1, 7, 10]",10,0.8304060853452554,0.9084594822712321,3,0.8694327838082437
partial_finetune,lab2_active_2_8_9,"Lab2 active set [2, 8, 9]",10,0.8266432644141545,0.9114375395953533,3,0.869040402004754
partial_finetune,lab2_active_2_9_10,"Lab2 active set [2, 9, 10]",10,0.8343182786426113,0.9036786042494911,3,0.8689984414460512
partial_finetune,lab2_active_1_2_9,"Lab2 active set [1, 2, 9]",10,0.826388000205719,0.9111193370391663,3,0.8687536686224426
partial_finetune,lab2_active_3_9_12,"Lab2 active set [3, 9, 12]",10,0.8350654486300382,0.9023801741369262,3,0.8687228113834822
partial_finetune,lab2_active_2_4_7,"Lab2 active set [2, 4, 7]",10,0.8301968249477091,0.907211523751955,3,0.868704174349832
partial_finetune,lab2_active_6_9_11,"Lab2 active set [6, 9, 11]",10,0.8315287734235954,0.9054390243179007,3,0.8684838988707481
partial_finetune,lab2_active_3_7_9,"Lab2 active set [3, 7, 9]",10,0.8341590051413709,0.9027528720785438,3,0.8684559386099573
partial_finetune,lab2_active_1_7_8,"Lab2 active set [1, 7, 8]",10,0.8292284725996358,0.9073646097890429,3,0.8682965411943393
partial_finetune,lab2_active_5_7_12,"Lab2 active set [5, 7, 12]",10,0.8234014190407729,0.9123333454294027,3,0.8678673822350877
partial_finetune,lab2_active_9_11_13,"Lab2 active set [9, 11, 13]",10,0.8313336389859447,0.9043654329907416,3,0.8678495359883431
partial_finetune,lab2_active_5_7_10,"Lab2 active set [5, 7, 10]",10,0.8223190558902904,0.9126662000045548,3,0.8674926279474227
partial_finetune,lab2_active_1_7_12,"Lab2 active set [1, 7, 12]",10,0.8255647121345582,0.9089559547357035,3,0.8672603334351308
partial_finetune,lab2_active_2_3_9,"Lab2 active set [2, 3, 9]",10,0.8349197466770817,0.8995377245037319,3,0.8672287355904068
partial_finetune,lab2_active_7_8_12,"Lab2 active set [7, 8, 12]",10,0.8243265999054299,0.9100695125678477,3,0.8671980562366388
partial_finetune,lab2_active_3_7_10,"Lab2 active set [3, 7, 10]",10,0.8335126430814063,0.9006028230821017,3,0.8670577330817539
partial_finetune,lab2_active_1_9_13,"Lab2 active set [1, 9, 13]",10,0.8328568415448565,0.9002955183474796,3,0.866576179946168
partial_finetune,lab2_active_6_9_12,"Lab2 active set [6, 9, 12]",10,0.8266107429782672,0.9057463447463648,3,0.866178543862316
partial_finetune,lab2_active_4_7_13,"Lab2 active set [4, 7, 13]",10,0.8407126981510054,0.8912821178408912,3,0.8659974079959483
partial_finetune,lab2_active_7_8_9,"Lab2 active set [7, 8, 9]",10,0.8256054057188861,0.9063531072373726,3,0.8659792564781293
partial_finetune,lab2_active_3_5_7,"Lab2 active set [3, 5, 7]",10,0.8311121534598613,0.9006696161453457,3,0.8658908848026035
partial_finetune,lab2_active_3_9_13,"Lab2 active set [3, 9, 13]",10,0.8370779923614194,0.8946922754460807,3,0.8658851339037501
partial_finetune,lab2_active_4_8_10,"Lab2 active set [4, 8, 10]",10,0.8342080976834326,0.8970461706139381,3,0.8656271341486854
partial_finetune,lab2_active_2_9_11,"Lab2 active set [2, 9, 11]",10,0.8203430766915566,0.9107255550371799,3,0.8655343158643682
partial_finetune,lab2_active_3_8_9,"Lab2 active set [3, 8, 9]",10,0.8305079473044394,0.9004664595766474,3,0.8654872034405434
partial_finetune,lab2_active_7_9_13,"Lab2 active set [7, 9, 13]",10,0.8282903024642312,0.9023910529468602,3,0.8653406777055457
partial_finetune,lab2_active_1_3_7,"Lab2 active set [1, 3, 7]",10,0.8303259148929837,0.9003552276512818,3,0.8653405712721327
partial_finetune,lab2_active_7_10_11,"Lab2 active set [7, 10, 11]",10,0.817804453027117,0.9123474002034373,3,0.8650759266152772
partial_finetune,lab2_active_5_7_11,"Lab2 active set [5, 7, 11]",10,0.8183594938489616,0.9105918273573698,3,0.8644756606031656
partial_finetune,lab2_active_2_9_12,"Lab2 active set [2, 9, 12]",10,0.8237404234123722,0.9042832012030385,3,0.8640118123077054
partial_finetune,lab2_active_7_9_11,"Lab2 active set [7, 9, 11]",10,0.8258789068356283,0.9016462783169662,3,0.8637625925762973
partial_finetune,lab2_active_4_8_12,"Lab2 active set [4, 8, 12]",10,0.832629430902563,0.8941371701045805,3,0.8633833005035718
partial_finetune,lab2_active_3_7_11,"Lab2 active set [3, 7, 11]",10,0.8256740943423105,0.9010354628663768,3,0.8633547786043436
partial_finetune,lab2_active_8_10_12,"Lab2 active set [8, 10, 12]",10,0.8182817416659112,0.9083149168798645,3,0.8632983292728879
partial_finetune,lab2_active_6_7_9,"Lab2 active set [6, 7, 9]",10,0.8228414429240416,0.9036913144684812,3,0.8632663786962613
partial_finetune,lab2_active_3_7_12,"Lab2 active set [3, 7, 12]",10,0.8264226846286168,0.8999579585795691,3,0.8631903216040929
partial_finetune,lab2_active_1_5_7,"Lab2 active set [1, 5, 7]",10,0.816519016079549,0.9096432552562125,3,0.8630811356678807
partial_finetune,lab2_active_1_8_10,"Lab2 active set [1, 8, 10]",10,0.8231629346306725,0.9028890060119323,3,0.8630259703213023
partial_finetune,lab2_active_1_9_12,"Lab2 active set [1, 9, 12]",10,0.8188816538531578,0.9065625453193312,3,0.8627220995862446
partial_finetune,lab2_active_7_9_12,"Lab2 active set [7, 9, 12]",10,0.8228262843435344,0.9007105895861153,3,0.8617684369648249
partial_finetune,lab2_active_2_7_9,"Lab2 active set [2, 7, 9]",10,0.8247027714061377,0.8980677179310441,3,0.8613852446685909
partial_finetune,lab2_active_2_9_13,"Lab2 active set [2, 9, 13]",10,0.8193390704680138,0.9028186139290815,3,0.8610788421985476
partial_finetune,lab2_active_7_11_12,"Lab2 active set [7, 11, 12]",10,0.8125688843271921,0.9094642948373876,3,0.8610165895822899
partial_finetune,lab2_active_9_12_13,"Lab2 active set [9, 12, 13]",10,0.8170060433724731,0.9050135364309091,3,0.8610097899016911
partial_finetune,lab2_active_2_6_9,"Lab2 active set [2, 6, 9]",10,0.8258167230916331,0.894313881228612,3,0.8600653021601226
partial_finetune,lab2_active_4_5_8,"Lab2 active set [4, 5, 8]",10,0.8245006762180626,0.8955246335352509,3,0.8600126548766567
partial_finetune,lab2_active_3_7_8,"Lab2 active set [3, 7, 8]",10,0.8215272823804458,0.8979694252109056,3,0.8597483537956757
partial_finetune,lab2_active_1_8_12,"Lab2 active set [1, 8, 12]",10,0.8166676211818208,0.9018528903936276,3,0.8592602557877242
partial_finetune,lab2_active_1_7_9,"Lab2 active set [1, 7, 9]",10,0.8202363670667604,0.8981040554233585,3,0.8591702112450594
partial_finetune,lab2_active_6_7_10,"Lab2 active set [6, 7, 10]",10,0.8104345574777334,0.9075510901140252,3,0.8589928237958793
partial_finetune,lab2_active_5_8_10,"Lab2 active set [5, 8, 10]",10,0.8105664761479022,0.9065658954050188,3,0.8585661857764605
partial_finetune,lab2_active_5_8_12,"Lab2 active set [5, 8, 12]",10,0.8094472359853965,0.907095765053158,3,0.8582715005192773
partial_finetune,lab2_active_1_6_7,"Lab2 active set [1, 6, 7]",10,0.8089262505039929,0.9046407798281402,3,0.8567835151660665
partial_finetune,lab2_active_7_10_13,"Lab2 active set [7, 10, 13]",10,0.8125919896325554,0.9003399583295619,3,0.8564659739810587
partial_finetune,lab2_active_6_9_13,"Lab2 active set [6, 9, 13]",10,0.8189279066144509,0.8935316457089186,3,0.8562297761616848
partial_finetune,lab2_active_4_10_12,"Lab2 active set [4, 10, 12]",10,0.8211482347681707,0.8906528961437986,3,0.8559005654559846
partial_finetune,lab2_active_4_7_11,"Lab2 active set [4, 7, 11]",10,0.8175562831863759,0.8939311551205666,3,0.8557437191534712
partial_finetune,lab2_active_2_7_10,"Lab2 active set [2, 7, 10]",10,0.8082823286137754,0.9030640528493833,3,0.8556731907315793
partial_finetune,lab2_active_2_7_11,"Lab2 active set [2, 7, 11]",10,0.8019525114411796,0.9085863091279062,3,0.8552694102845428
partial_finetune,lab2_active_5_6_7,"Lab2 active set [5, 6, 7]",10,0.8026242958153993,0.9078163231892226,3,0.855220309502311
partial_finetune,lab2_active_2_5_7,"Lab2 active set [2, 5, 7]",10,0.8037548846687657,0.9065015444433315,3,0.8551282145560486
partial_finetune,lab2_active_2_7_8,"Lab2 active set [2, 7, 8]",10,0.8015554979263643,0.9083949268351539,3,0.854975212380759
partial_finetune,lab2_active_4_6_8,"Lab2 active set [4, 6, 8]",10,0.8142557590296151,0.8953983457224288,3,0.854827052376022
partial_finetune,lab2_active_1_2_7,"Lab2 active set [1, 2, 7]",10,0.8076680931818161,0.9018474663700566,3,0.8547577797759364
partial_finetune,lab2_active_6_7_11,"Lab2 active set [6, 7, 11]",10,0.8039271182281976,0.905399901025566,3,0.8546635096268818
partial_finetune,lab2_active_1_10_12,"Lab2 active set [1, 10, 12]",10,0.8070815362678941,0.9019435565045684,3,0.8545125463862313
partial_finetune,lab2_active_6_7_12,"Lab2 active set [6, 7, 12]",10,0.8020291752554445,0.9050297923112312,3,0.8535294837833378
partial_finetune,lab2_active_1_7_11,"Lab2 active set [1, 7, 11]",10,0.8051883730700169,0.9008160192867523,3,0.8530021961783846
partial_finetune,lab2_active_3_8_10,"Lab2 active set [3, 8, 10]",10,0.8087358728142718,0.8968028574305815,3,0.8527693651224266
partial_finetune,lab2_active_6_7_8,"Lab2 active set [6, 7, 8]",10,0.7967212419031711,0.9081303307609974,3,0.8524257863320842
partial_finetune,lab2_active_1_3_12,"Lab2 active set [1, 3, 12]",10,0.8096687423432297,0.8944750947753077,3,0.8520719185592687
partial_finetune,lab2_active_1_4_8,"Lab2 active set [1, 4, 8]",10,0.8263269366778985,0.8777720899236034,3,0.852049513300751
partial_finetune,lab2_active_4_5_12,"Lab2 active set [4, 5, 12]",10,0.8137281343254295,0.8899022699342515,3,0.8518152021298404
partial_finetune,lab2_active_2_6_7,"Lab2 active set [2, 6, 7]",10,0.8033242518523451,0.9000595929580377,3,0.8516919224051914
partial_finetune,lab2_active_2_3_7,"Lab2 active set [2, 3, 7]",10,0.8038396332085443,0.8978157837737034,3,0.8508277084911239
partial_finetune,lab2_active_3_4_8,"Lab2 active set [3, 4, 8]",10,0.8163762788354021,0.8852096701187212,3,0.8507929744770617
partial_finetune,lab2_active_1_7_13,"Lab2 active set [1, 7, 13]",10,0.8071191983445384,0.8942450292419584,3,0.8506821137932483
partial_finetune,lab2_active_2_7_12,"Lab2 active set [2, 7, 12]",10,0.8010500554065307,0.8998502048224579,3,0.8504501301144943
partial_finetune,lab2_active_2_4_8,"Lab2 active set [2, 4, 8]",10,0.8093115701261974,0.89139690450609,3,0.8503542373161437
partial_finetune,lab2_active_6_8_10,"Lab2 active set [6, 8, 10]",10,0.7971187176056004,0.9022653322689288,3,0.8496920249372646
partial_finetune,lab2_active_3_4_12,"Lab2 active set [3, 4, 12]",10,0.8170601080023225,0.8801631415712635,3,0.848611624786793
partial_finetune,lab2_active_6_8_12,"Lab2 active set [6, 8, 12]",10,0.7974408036551885,0.899306943815959,3,0.8483738737355737
partial_finetune,lab2_active_2_8_12,"Lab2 active set [2, 8, 12]",10,0.799061837762901,0.897551253408351,3,0.848306545585626
partial_finetune,lab2_active_2_4_12,"Lab2 active set [2, 4, 12]",10,0.8105824646917055,0.8847953888152683,3,0.8476889267534868
partial_finetune,lab2_active_2_8_10,"Lab2 active set [2, 8, 10]",10,0.7977876964179547,0.8975630709748483,3,0.8476753836964015
partial_finetune,lab2_active_5_10_12,"Lab2 active set [5, 10, 12]",10,0.7896550464212169,0.9053928693281461,3,0.8475239578746815
partial_finetune,lab2_active_3_6_7,"Lab2 active set [3, 6, 7]",10,0.800201810216591,0.8945094917548,3,0.8473556509856954
partial_finetune,lab2_active_4_6_12,"Lab2 active set [4, 6, 12]",10,0.8070113252636804,0.8871496439799582,3,0.8470804846218193
partial_finetune,lab2_active_1_4_10,"Lab2 active set [1, 4, 10]",10,0.8219602662430732,0.8716376529539591,3,0.8467989595985161
partial_finetune,lab2_active_3_10_12,"Lab2 active set [3, 10, 12]",10,0.7976601883535405,0.8946111694039918,3,0.8461356788787662
partial_finetune,lab2_active_6_10_12,"Lab2 active set [6, 10, 12]",10,0.7906216627528451,0.9013680333517974,3,0.8459948480523212
partial_finetune,lab2_active_1_5_8,"Lab2 active set [1, 5, 8]",10,0.793353305483535,0.8981603120578333,3,0.8457568087706842
partial_finetune,lab2_active_2_8_11,"Lab2 active set [2, 8, 11]",10,0.7959736565196563,0.8954970723185322,3,0.8457353644190942
partial_finetune,lab2_active_4_5_10,"Lab2 active set [4, 5, 10]",10,0.8055376003159141,0.8855025833311794,3,0.8455200918235468
partial_finetune,lab2_active_4_6_10,"Lab2 active set [4, 6, 10]",10,0.8048569048156485,0.885797990320542,3,0.8453274475680952
partial_finetune,lab2_active_1_5_12,"Lab2 active set [1, 5, 12]",10,0.7919698201768353,0.8985155727441967,3,0.845242696460516
partial_finetune,lab2_active_2_5_8,"Lab2 active set [2, 5, 8]",10,0.792047143183852,0.8984228860067247,3,0.8452350145952884
partial_finetune,lab2_active_3_8_12,"Lab2 active set [3, 8, 12]",10,0.7958477012427975,0.8937923406339165,3,0.844820020938357
partial_finetune,lab2_active_5_8_11,"Lab2 active set [5, 8, 11]",10,0.7929324086110626,0.8960674862884463,3,0.8444999474497545
partial_finetune,lab2_active_8_10_13,"Lab2 active set [8, 10, 13]",10,0.7965543050946,0.8917861783343995,3,0.8441702417144998
partial_finetune,lab2_active_5_6_8,"Lab2 active set [5, 6, 8]",10,0.7848798372433722,0.9033255368979447,3,0.8441026870706585
partial_finetune,lab2_active_8_11_12,"Lab2 active set [8, 11, 12]",10,0.7941636249978097,0.8935528431959152,3,0.8438582340968624
partial_finetune,lab2_active_1_4_12,"Lab2 active set [1, 4, 12]",10,0.8162697441482485,0.8711970416517816,3,0.843733392900015
partial_finetune,lab2_active_7_8_13,"Lab2 active set [7, 8, 13]",10,0.7852073505433691,0.9017766871635128,3,0.8434920188534409
partial_finetune,lab2_active_1_3_10,"Lab2 active set [1, 3, 10]",10,0.7992991452319642,0.887608646132564,3,0.8434538956822641
partial_finetune,lab2_active_3_7_13,"Lab2 active set [3, 7, 13]",10,0.798165646592503,0.888358441267701,3,0.843262043930102
partial_finetune,lab2_active_3_5_8,"Lab2 active set [3, 5, 8]",10,0.7938398189499434,0.8918648547388812,3,0.8428523368444123
partial_finetune,lab2_active_3_4_10,"Lab2 active set [3, 4, 10]",10,0.807487128742565,0.87811461233633,3,0.8428008705394475
partial_finetune,lab2_active_2_6_8,"Lab2 active set [2, 6, 8]",10,0.7954433020565751,0.8901297915916538,3,0.8427865468241145
partial_finetune,lab2_active_1_2_8,"Lab2 active set [1, 2, 8]",10,0.7982888778790265,0.8871239743999987,3,0.8427064261395125
partial_finetune,lab2_active_5_7_13,"Lab2 active set [5, 7, 13]",10,0.7901128196669668,0.8937603440058529,3,0.8419365818364098
partial_finetune,lab2_active_7_12_13,"Lab2 active set [7, 12, 13]",10,0.787609251276111,0.8951117883695481,3,0.8413605198228296
partial_finetune,lab2_active_4_8_13,"Lab2 active set [4, 8, 13]",10,0.811527284755883,0.8711044550275994,3,0.8413158698917411
partial_finetune,lab2_active_2_5_12,"Lab2 active set [2, 5, 12]",10,0.7843210950705402,0.8980215112161447,3,0.8411713031433424
partial_finetune,lab2_active_6_8_11,"Lab2 active set [6, 8, 11]",10,0.7914750966471585,0.8904005161407832,3,0.8409378063939709
partial_finetune,lab2_active_3_5_12,"Lab2 active set [3, 5, 12]",10,0.7887575537793263,0.8921889117808075,3,0.8404732327800669
partial_finetune,lab2_active_2_10_12,"Lab2 active set [2, 10, 12]",10,0.7853876845482658,0.8949262612299204,3,0.8401569728890931
partial_finetune,lab2_active_4_8_11,"Lab2 active set [4, 8, 11]",10,0.8015036195454903,0.8787383975355095,3,0.8401210085405
partial_finetune,lab2_active_1_6_10,"Lab2 active set [1, 6, 10]",10,0.7870680847927125,0.8927974402961791,3,0.8399327625444458
partial_finetune,lab2_active_3_4_5,"Lab2 active set [3, 4, 5]",10,0.8075331023188602,0.8718121639653487,3,0.8396726331421045
partial_finetune,lab2_active_5_6_12,"Lab2 active set [5, 6, 12]",10,0.7780492325297451,0.9005416052092632,3,0.8392954188695041
partial_finetune,lab2_active_10_12_13,"Lab2 active set [10, 12, 13]",10,0.7871299366186928,0.8911731745832603,3,0.8391515556009765
partial_finetune,lab2_active_1_6_8,"Lab2 active set [1, 6, 8]",10,0.7916741086011009,0.8861307320502768,3,0.8389024203256888
partial_finetune,lab2_active_1_3_8,"Lab2 active set [1, 3, 8]",10,0.7878219401752996,0.8892870235301158,3,0.8385544818527078
partial_finetune,lab2_active_1_5_10,"Lab2 active set [1, 5, 10]",10,0.7819395130476192,0.8949601401953295,3,0.8384498266214744
partial_finetune,lab2_active_7_11_13,"Lab2 active set [7, 11, 13]",10,0.7850445979706541,0.8918088075222707,3,0.8384267027464624
partial_finetune,lab2_active_8_10_11,"Lab2 active set [8, 10, 11]",10,0.778526831572694,0.8982071748894747,3,0.8383670032310844
partial_finetune,lab2_active_5_6_10,"Lab2 active set [5, 6, 10]",10,0.780751135540875,0.8958836566991764,3,0.8383173961200256
partial_finetune,lab2_active_2_6_12,"Lab2 active set [2, 6, 12]",10,0.7897930415511275,0.8866080140351307,3,0.838200527793129
partial_finetune,lab2_active_1_6_12,"Lab2 active set [1, 6, 12]",10,0.7885744190237344,0.8861655810085183,3,0.8373700000161264
partial_finetune,lab2_active_2_3_8,"Lab2 active set [2, 3, 8]",10,0.7884653180767762,0.8862031996261065,3,0.8373342588514414
partial_finetune,lab2_active_2_6_10,"Lab2 active set [2, 6, 10]",10,0.7873006540634411,0.8869143239462888,3,0.8371074890048649
partial_finetune,lab2_active_1_2_12,"Lab2 active set [1, 2, 12]",10,0.7853022446479176,0.8883153416563254,3,0.8368087931521215
partial_finetune,lab2_active_3_5_10,"Lab2 active set [3, 5, 10]",10,0.7839163362276143,0.8893717727236095,3,0.8366440544756119
partial_finetune,lab2_active_5_8_13,"Lab2 active set [5, 8, 13]",10,0.7815205140730737,0.8915070354422371,3,0.8365137747576554
partial_finetune,lab2_active_2_3_12,"Lab2 active set [2, 3, 12]",10,0.7912211932838958,0.881759654111787,3,0.8364904236978414
partial_finetune,lab2_active_1_2_4,"Lab2 active set [1, 2, 4]",10,0.8071248163674785,0.8653659029502706,3,0.8362453596588746
partial_finetune,lab2_active_3_6_8,"Lab2 active set [3, 6, 8]",10,0.7830169866705023,0.8890921391992498,3,0.8360545629348761
partial_finetune,lab2_active_2_4_10,"Lab2 active set [2, 4, 10]",10,0.7886856397690598,0.8813253009109963,3,0.835005470340028
partial_finetune,lab2_active_1_2_10,"Lab2 active set [1, 2, 10]",10,0.7831696428145201,0.88680504092173,3,0.8349873418681251
partial_finetune,lab2_active_2_7_13,"Lab2 active set [2, 7, 13]",10,0.7805397129390255,0.8888847656007323,3,0.8347122392698789
partial_finetune,lab2_active_4_12_13,"Lab2 active set [4, 12, 13]",10,0.8005909903712257,0.8686649306664264,3,0.834627960518826
partial_finetune,lab2_active_1_10_13,"Lab2 active set [1, 10, 13]",10,0.789890856789714,0.8788448032743396,3,0.8343678300320267
partial_finetune,lab2_active_2_5_10,"Lab2 active set [2, 5, 10]",10,0.7743235254372313,0.8942574983515659,3,0.8342905118943986
partial_finetune,lab2_active_3_6_12,"Lab2 active set [3, 6, 12]",10,0.78862492626858,0.8793573322179201,3,0.83399112924325
partial_finetune,lab2_active_1_8_13,"Lab2 active set [1, 8, 13]",10,0.7909333035505628,0.876961795831411,3,0.833947549690987
partial_finetune,lab2_active_1_3_4,"Lab2 active set [1, 3, 4]",10,0.8131574557432284,0.8539583248352323,3,0.8335578902892303
partial_finetune,lab2_active_8_12_13,"Lab2 active set [8, 12, 13]",10,0.7805279834441431,0.8862689673535914,3,0.8333984753988672
partial_finetune,lab2_active_2_11_12,"Lab2 active set [2, 11, 12]",10,0.7753592947344697,0.8905915211962923,3,0.832975407965381
partial_finetune,lab2_active_6_8_13,"Lab2 active set [6, 8, 13]",10,0.7748757005137322,0.8901302631324188,3,0.8325029818230756
partial_finetune,lab2_active_1_4_5,"Lab2 active set [1, 4, 5]",10,0.8023994700152378,0.8616481858536564,3,0.8320238279344472
partial_finetune,lab2_active_2_8_13,"Lab2 active set [2, 8, 13]",10,0.7783101130909308,0.8853385101425266,3,0.8318243116167288
partial_finetune,lab2_active_6_12_13,"Lab2 active set [6, 12, 13]",10,0.7794525453994001,0.8832636579458559,3,0.831358101672628
partial_finetune,lab2_active_8_11_13,"Lab2 active set [8, 11, 13]",10,0.7808653144324625,0.8799234671762671,3,0.8303943908043648
partial_finetune,lab2_active_1_2_6,"Lab2 active set [1, 2, 6]",10,0.7855541324700452,0.8750093152797036,3,0.8302817238748744
partial_finetune,lab2_active_2_3_10,"Lab2 active set [2, 3, 10]",10,0.78244175799743,0.8780474772617619,3,0.8302446176295959
partial_finetune,lab2_active_4_10_13,"Lab2 active set [4, 10, 13]",10,0.7910909762950209,0.8690943923754092,3,0.830092684335215
partial_finetune,lab2_active_3_8_11,"Lab2 active set [3, 8, 11]",10,0.7756070206865507,0.8841535794229138,3,0.8298803000547323
partial_finetune,lab2_active_1_8_11,"Lab2 active set [1, 8, 11]",10,0.7808788488673096,0.8781250759591269,3,0.8295019624132183
partial_finetune,lab2_active_1_12_13,"Lab2 active set [1, 12, 13]",10,0.7795164908360263,0.8792390469306542,3,0.8293777688833402
partial_finetune,lab2_active_2_5_6,"Lab2 active set [2, 5, 6]",10,0.7801613743353466,0.8778306335449114,3,0.828996003940129
partial_finetune,lab2_active_1_3_6,"Lab2 active set [1, 3, 6]",10,0.788002113842716,0.869637757644871,3,0.8288199357437935
partial_finetune,lab2_active_3_6_10,"Lab2 active set [3, 6, 10]",10,0.7852541059478011,0.8721982866214363,3,0.8287261962846186
partial_finetune,lab2_active_6_11_12,"Lab2 active set [6, 11, 12]",10,0.7721623398131346,0.8852309134397738,3,0.8286966266264542
partial_finetune,lab2_active_1_2_3,"Lab2 active set [1, 2, 3]",10,0.7962802356862839,0.8595156303136646,3,0.8278979329999743
partial_finetune,lab2_active_2_4_6,"Lab2 active set [2, 4, 6]",10,0.7883148469340118,0.8673820022877768,3,0.8278484246108944
partial_finetune,lab2_active_6_10_13,"Lab2 active set [6, 10, 13]",10,0.7789560641822016,0.8742859481538094,3,0.8266210061680055
partial_finetune,lab2_active_5_10_13,"Lab2 active set [5, 10, 13]",10,0.7635039831334811,0.8893825215821354,3,0.8264432523578082
partial_finetune,lab2_active_5_12_13,"Lab2 active set [5, 12, 13]",10,0.7673853925208327,0.8853959943131376,3,0.8263906934169851
partial_finetune,lab2_active_2_3_4,"Lab2 active set [2, 3, 4]",10,0.7884517878622487,0.8629470830336546,3,0.8256994354479517
partial_finetune,lab2_active_1_4_6,"Lab2 active set [1, 4, 6]",10,0.8025206763286691,0.8488713680795452,3,0.8256960222041072
partial_finetune,lab2_active_1_3_5,"Lab2 active set [1, 3, 5]",10,0.771338696321897,0.8791602581936123,3,0.8252494772577547
partial_finetune,lab2_active_2_12_13,"Lab2 active set [2, 12, 13]",10,0.7707357944004285,0.8789994345038552,3,0.8248676144521419
partial_finetune,lab2_active_3_4_6,"Lab2 active set [3, 4, 6]",10,0.7867253091270399,0.8628013280315222,3,0.8247633185792811
partial_finetune,lab2_active_2_3_5,"Lab2 active set [2, 3, 5]",10,0.7731311988428426,0.8760125822248803,3,0.8245718905338615
partial_finetune,lab2_active_4_5_6,"Lab2 active set [4, 5, 6]",10,0.771160265973111,0.8773239161737109,3,0.824242091073411
partial_finetune,lab2_active_1_5_6,"Lab2 active set [1, 5, 6]",10,0.7614857684195175,0.8850362773541092,3,0.8232610228868134
partial_finetune,lab2_active_1_2_5,"Lab2 active set [1, 2, 5]",10,0.7674474738015632,0.8780338560634096,3,0.8227406649324864
partial_finetune,lab2_active_2_4_5,"Lab2 active set [2, 4, 5]",10,0.7744311829095631,0.8701490722336263,3,0.8222901275715947
partial_finetune,lab2_active_2_10_13,"Lab2 active set [2, 10, 13]",10,0.766147032316079,0.8776629565367725,3,0.8219049944264257
partial_finetune,lab2_active_10_11_12,"Lab2 active set [10, 11, 12]",10,0.753302843701679,0.8904313910128695,3,0.8218671173572742
partial_finetune,lab2_active_2_3_6,"Lab2 active set [2, 3, 6]",10,0.7860552078538342,0.8566093285602874,3,0.8213322682070607
partial_finetune,lab2_active_3_10_13,"Lab2 active set [3, 10, 13]",10,0.7678033025947868,0.8747836025975738,3,0.8212934525961804
partial_finetune,lab2_active_6_10_11,"Lab2 active set [6, 10, 11]",10,0.7636201606843204,0.8772043033410954,3,0.8204122320127079
partial_finetune,lab2_active_3_11_12,"Lab2 active set [3, 11, 12]",10,0.7633807794748789,0.8770290643663216,3,0.8202049219206002
partial_finetune,lab2_active_5_11_12,"Lab2 active set [5, 11, 12]",10,0.7537283173080171,0.8854523028128998,3,0.8195903100604585
partial_finetune,lab2_active_3_5_6,"Lab2 active set [3, 5, 6]",10,0.7623101262173169,0.8749068828828656,3,0.8186085045500913
partial_finetune,lab2_active_6_7_13,"Lab2 active set [6, 7, 13]",10,0.7560369723081094,0.8789862210400226,3,0.817511596674066
partial_finetune,lab2_active_2_6_11,"Lab2 active set [2, 6, 11]",10,0.768027022945909,0.8659276168553972,3,0.8169773199006531
partial_finetune,lab2_active_2_3_11,"Lab2 active set [2, 3, 11]",10,0.765710294349743,0.8656264411654647,3,0.8156683677576039
partial_finetune,lab2_active_3_8_13,"Lab2 active set [3, 8, 13]",10,0.7539462210442968,0.8768530676129842,3,0.8153996443286404
partial_finetune,lab2_active_3_12_13,"Lab2 active set [3, 12, 13]",10,0.7504227305699742,0.8791379411209825,3,0.8147803358454784
partial_finetune,lab2_active_1_5_13,"Lab2 active set [1, 5, 13]",10,0.7516681013863351,0.8757768670203289,3,0.8137224842033319
partial_finetune,lab2_active_2_10_11,"Lab2 active set [2, 10, 11]",10,0.7411421682089364,0.8846656800404056,3,0.8129039241246709
partial_finetune,lab2_active_1_4_13,"Lab2 active set [1, 4, 13]",10,0.790673878326563,0.8347371856171779,3,0.8127055319718705
partial_finetune,lab2_active_11_12_13,"Lab2 active set [11, 12, 13]",10,0.7512612845238362,0.8712886390848499,3,0.8112749618043431
partial_finetune,lab2_active_3_10_11,"Lab2 active set [3, 10, 11]",10,0.7477519851681194,0.874386550368865,3,0.8110692677684922
partial_finetune,lab2_active_3_5_11,"Lab2 active set [3, 5, 11]",10,0.7550439358513051,0.8669015702905085,3,0.8109727530709068
partial_finetune,lab2_active_5_10_11,"Lab2 active set [5, 10, 11]",10,0.7373387437225539,0.8843293675872298,3,0.8108340556548919
partial_finetune,lab2_active_2_5_11,"Lab2 active set [2, 5, 11]",10,0.742120883315117,0.8786967473828364,3,0.8104088153489768
partial_finetune,lab2_active_4_11_12,"Lab2 active set [4, 11, 12]",10,0.7615523094774947,0.8590452075704029,3,0.8102987585239488
partial_finetune,lab2_active_1_6_13,"Lab2 active set [1, 6, 13]",10,0.7668044609699388,0.8525783870499641,3,0.8096914240099515
partial_finetune,lab2_active_1_10_11,"Lab2 active set [1, 10, 11]",10,0.7462371804761763,0.872884185098097,3,0.8095606827871367
partial_finetune,lab2_active_4_5_13,"Lab2 active set [4, 5, 13]",10,0.7573689492324214,0.8596005889700833,3,0.8084847691012523
partial_finetune,lab2_active_3_4_13,"Lab2 active set [3, 4, 13]",10,0.7727666210884673,0.8440777465047803,3,0.8084221837966238
partial_finetune,lab2_active_1_2_11,"Lab2 active set [1, 2, 11]",10,0.7510548880018754,0.8644569128156291,3,0.8077559004087522
partial_finetune,lab2_active_5_6_11,"Lab2 active set [5, 6, 11]",10,0.7461609111509774,0.8689837287484571,3,0.8075723199497172
partial_finetune,lab2_active_1_11_12,"Lab2 active set [1, 11, 12]",10,0.7452298740357162,0.8690440127509209,3,0.8071369433933185
partial_finetune,lab2_active_1_2_13,"Lab2 active set [1, 2, 13]",10,0.7629519889516352,0.8491071511559872,3,0.8060295700538112
partial_finetune,lab2_active_1_3_13,"Lab2 active set [1, 3, 13]",10,0.7579267547932094,0.8530572007041088,3,0.8054919777486591
partial_finetune,lab2_active_10_11_13,"Lab2 active set [10, 11, 13]",10,0.7372448993963298,0.8731318355707773,3,0.8051883674835536
partial_finetune,lab2_active_2_5_13,"Lab2 active set [2, 5, 13]",10,0.7409456603565949,0.8616239187961892,3,0.801284789576392
partial_finetune,lab2_active_1_6_11,"Lab2 active set [1, 6, 11]",10,0.7505350241072264,0.8506822508508355,3,0.8006086374790309
partial_finetune,lab2_active_2_4_11,"Lab2 active set [2, 4, 11]",10,0.7471402071533699,0.8512089930459594,3,0.7991746000996647
partial_finetune,lab2_active_3_6_11,"Lab2 active set [3, 6, 11]",10,0.7471828836475763,0.8493504032982521,3,0.7982666434729142
partial_finetune,lab2_active_3_4_11,"Lab2 active set [3, 4, 11]",10,0.7555940592880148,0.8396813005831733,3,0.797637679935594
partial_finetune,lab2_active_5_6_13,"Lab2 active set [5, 6, 13]",10,0.73200520400568,0.8602795210710913,3,0.7961423625383857
partial_finetune,lab2_active_2_6_13,"Lab2 active set [2, 6, 13]",10,0.766395792990784,0.8258315287817278,3,0.7961136608862559
partial_finetune,lab2_active_1_3_11,"Lab2 active set [1, 3, 11]",10,0.7404405243797113,0.8484132517954687,3,0.79442688808759
partial_finetune,lab2_active_4_6_13,"Lab2 active set [4, 6, 13]",10,0.7490110849498256,0.8364014495616765,3,0.792706267255751
partial_finetune,lab2_active_1_5_11,"Lab2 active set [1, 5, 11]",10,0.7268604204866626,0.8545952824648265,3,0.7907278514757445
partial_finetune,lab2_active_4_6_11,"Lab2 active set [4, 6, 11]",10,0.7488567988173104,0.8320009517220197,3,0.7904288752696651
partial_finetune,lab2_active_4_10_11,"Lab2 active set [4, 10, 11]",10,0.7251774222520498,0.8556349332054262,3,0.790406177728738
partial_finetune,lab2_active_3_5_13,"Lab2 active set [3, 5, 13]",10,0.7098746213463437,0.8653713000720116,3,0.7876229607091776
partial_finetune,lab2_active_2_3_13,"Lab2 active set [2, 3, 13]",10,0.7380358942234219,0.83656500127071,3,0.787300447747066
partial_finetune,lab2_active_5_11_13,"Lab2 active set [5, 11, 13]",10,0.7100817510252291,0.86405286150592,3,0.7870673062655745
partial_finetune,lab2_active_3_6_13,"Lab2 active set [3, 6, 13]",10,0.7266628898940853,0.845788247652361,3,0.7862255687732231
partial_finetune,lab2_active_3_11_13,"Lab2 active set [3, 11, 13]",10,0.7089742105568406,0.8447603221782755,3,0.776867266367558
partial_finetune,lab2_active_4_5_11,"Lab2 active set [4, 5, 11]",10,0.7219446825824102,0.8314960397211427,3,0.7767203611517765
partial_finetune,lab2_active_1_4_11,"Lab2 active set [1, 4, 11]",10,0.7384500769615534,0.8127715130620936,3,0.7756107950118235
partial_finetune,lab2_active_2_4_13,"Lab2 active set [2, 4, 13]",10,0.7299470985555231,0.821040337235037,3,0.7754937178952801
partial_finetune,lab2_active_2_11_13,"Lab2 active set [2, 11, 13]",10,0.7053708055068597,0.8447535423970673,3,0.7750621739519635
partial_finetune,lab2_active_6_11_13,"Lab2 active set [6, 11, 13]",10,0.7134061647118854,0.826394577051543,3,0.7699003708817143
partial_finetune,lab2_active_1_11_13,"Lab2 active set [1, 11, 13]",10,0.7033070863056327,0.8271796194812138,3,0.7652433528934233
partial_finetune,lab2_active_4_11_13,"Lab2 active set [4, 11, 13]",10,0.7050993575419539,0.8159057701015873,3,0.7605025638217706
partial_finetune,lab2_active_2_4_5_6_9,"Lab2 active set [2, 4, 5, 6, 9]",8,0.8436270273109472,0.9164732919453769,5,0.880050159628162
partial_finetune,lab2_active_3_7_9_10_13,"Lab2 active set [3, 7, 9, 10, 13]",8,0.8443944704229259,0.9041658271913902,5,0.8742801488071581
partial_finetune,lab2_active_1_7_9_11_13,"Lab2 active set [1, 7, 9, 11, 13]",8,0.8361797200211393,0.911246402019731,5,0.8737130610204351
partial_finetune,lab2_active_2_7_9_10_11,"Lab2 active set [2, 7, 9, 10, 11]",8,0.8358849866353085,0.9104803641612893,5,0.873182675398299
partial_finetune,lab2_active_3_4_7_10_12,"Lab2 active set [3, 4, 7, 10, 12]",8,0.8443161897082091,0.8949645548045816,5,0.8696403722563953
partial_finetune,lab2_active_1_6_7_8_9,"Lab2 active set [1, 6, 7, 8, 9]",8,0.8230186506710727,0.9095894118561217,5,0.8663040312635972
partial_finetune,lab2_active_3_4_5_6_7,"Lab2 active set [3, 4, 5, 6, 7]",8,0.8191859851861872,0.901754420827383,5,0.8604702030067851
partial_finetune,lab2_active_1_3_9_12_13,"Lab2 active set [1, 3, 9, 12, 13]",8,0.8257800893413626,0.8935425402426938,5,0.8596613147920282
partial_finetune,lab2_active_4_7_10_11_13,"Lab2 active set [4, 7, 10, 11, 13]",8,0.8214686982770434,0.8934404108579965,5,0.85745455456752
partial_finetune,lab2_active_6_7_8_10_12,"Lab2 active set [6, 7, 8, 10, 12]",8,0.8049027739604765,0.907079220524716,5,0.8559909972425963
partial_finetune,lab2_active_4_6_8_10_12,"Lab2 active set [4, 6, 8, 10, 12]",8,0.805771899985852,0.8998790790657183,5,0.8528254895257852
partial_finetune,lab2_active_2_3_5_7_8,"Lab2 active set [2, 3, 5, 7, 8]",8,0.7971484417500369,0.9009326311999872,5,0.849040536475012
partial_finetune,lab2_active_1_6_8_10_11,"Lab2 active set [1, 6, 8, 10, 11]",8,0.7947846391631632,0.889246023571067,5,0.842015331367115
partial_finetune,lab2_active_1_3_4_6_8,"Lab2 active set [1, 3, 4, 6, 8]",8,0.7970820451267182,0.8827221416139115,5,0.8399020933703149
partial_finetune,lab2_active_1_4_10_12_13,"Lab2 active set [1, 4, 10, 12, 13]",8,0.8027854434079384,0.8763947065508558,5,0.8395900749793972
partial_finetune,lab2_active_2_5_6_10_13,"Lab2 active set [2, 5, 6, 10, 13]",8,0.7839612850255947,0.8903231557935557,5,0.8371422204095752
partial_finetune,lab2_active_2_3_6_10_11,"Lab2 active set [2, 3, 6, 10, 11]",8,0.7924234873435351,0.8764932803924018,5,0.8344583838679684
partial_finetune,lab2_active_3_5_6_10_12,"Lab2 active set [3, 5, 6, 10, 12]",8,0.7792775451032975,0.8880016312215571,5,0.8336395881624272
partial_finetune,lab2_active_1_5_6_10_13,"Lab2 active set [1, 5, 6, 10, 13]",8,0.7613298082473291,0.8796947677729191,5,0.8205122880101241
partial_finetune,lab2_active_2_3_4_5_13,"Lab2 active set [2, 3, 4, 5, 13]",8,0.7419223771985108,0.8579080765649525,5,0.7999152268817317
