active_count,active_sensors,score,meets_thresholds,r2_temperature,r2_humidity
1,[5],0.8390540575299683,True,0.8139559441368895,0.8641521709230471
1,[8],0.8331922901701847,True,0.7993021475657223,0.867082432774647
1,[7],0.8311183024789539,True,0.7982113430015408,0.8640252619563671
1,[10],0.8210045882966874,True,0.7870441007076878,0.854965075885687
1,[11],0.8178580330682642,True,0.7767495600660033,0.8589665060705252
1,[12],0.816997412680962,True,0.7762569012099724,0.8577379241519516
1,[9],0.8116958810152862,True,0.7688060946495952,0.8545856673809773
1,[1],0.7956708703777939,True,0.7538161667797112,0.8375255739758768
1,[4],0.7951572307301358,True,0.7503081461525872,0.8400063153076844
1,[3],0.7908110734446092,True,0.7409643085490991,0.8406578383401193
1,[2],0.7682890145334265,True,0.7086316548635982,0.8279463742032548
1,[6],0.7226289414268778,True,0.6349872317923665,0.8102706510613893
1,[13],0.5414795360720098,True,0.3791556576392772,0.7038034145047424
2,"[5, 8]",0.9334445485881748,True,0.9156594983229078,0.9512295988534417
2,"[5, 12]",0.9314929508935568,True,0.9130281767136482,0.9499577250734654
2,"[7, 8]",0.9312078967919577,True,0.9109349581088677,0.9514808354750476
2,"[7, 12]",0.9305850606848213,True,0.9109305851831679,0.9502395361864746
2,"[1, 5]",0.9285813266136232,True,0.9120958450492243,0.9450668081780222
2,"[3, 7]",0.9262799942172485,True,0.9051520953476533,0.9474078930868437
2,"[3, 5]",0.9253206477319189,True,0.9042352483476068,0.9464060471162311
2,"[2, 8]",0.9245655471832643,True,0.8983115643682661,0.9508195299982627
2,"[9, 12]",0.9245497625398218,True,0.8968714059070363,0.9522281191726074
2,"[1, 7]",0.9240717620481108,True,0.9014282658592917,0.9467152582369299
2,"[8, 10]",0.9237990790580534,True,0.9020447620742628,0.945553396041844
2,"[5, 9]",0.9233137926725135,True,0.8990447921313582,0.9475827932136686
2,"[5, 10]",0.9228230623524174,True,0.898994263704432,0.9466518610004029
2,"[5, 7]",0.9224915349566541,True,0.8995145887023118,0.9454684812109965
2,"[8, 11]",0.9215725400203487,True,0.8958597408622985,0.9472853391783989
2,"[7, 10]",0.9213356390786733,True,0.8962355325979677,0.946435745559379
2,"[8, 9]",0.9208631127173368,True,0.8929346842836631,0.9487915411510106
2,"[1, 8]",0.919690858434091,True,0.8948494047885849,0.9445323120795971
2,"[8, 12]",0.9187350242206669,True,0.8900809699875686,0.9473890784537653
2,"[2, 5]",0.9179566947108144,True,0.8896753526159622,0.9462380368056666
2,"[7, 9]",0.9177115011195704,True,0.8886752655658634,0.9467477366732775
2,"[9, 10]",0.917491009688064,True,0.8888967175228155,0.9460853018533124
2,"[11, 12]",0.9168966724188797,True,0.8881724005834238,0.9456209442543356
2,"[5, 11]",0.9166370991587722,True,0.889672002837362,0.9436021954801823
2,"[10, 12]",0.9162699164818973,True,0.8907765227189504,0.9417633102448442
2,"[2, 12]",0.9162543876394516,True,0.8855748936757913,0.9469338816031116
2,"[1, 10]",0.9159926266647098,True,0.8929800452236792,0.9390052081057405
2,"[1, 11]",0.9151508408982876,True,0.8869754273955378,0.9433262544010372
2,"[1, 9]",0.9144229857378878,True,0.8851479893419588,0.9436979821338168
2,"[4, 8]",0.9136084489103373,True,0.8848812345579766,0.942335663262698
2,"[2, 10]",0.9122326568407306,True,0.8832537636728676,0.9412115500085936
2,"[5, 6]",0.9117623944190532,True,0.8792107006022494,0.9443140882358568
2,"[4, 5]",0.9112963484802972,True,0.8853201477290872,0.9372725492315072
2,"[3, 8]",0.9098926297170415,True,0.8792660562001402,0.9405192032339428
2,"[10, 11]",0.9090026578381885,True,0.8761615338141091,0.9418437818622677
2,"[3, 11]",0.9087058820611067,True,0.8791051299901711,0.9383066341320424
2,"[3, 10]",0.9086750810849018,True,0.882541248036364,0.9348089141334396
2,"[7, 11]",0.9083271884455579,True,0.8752412785495155,0.9414130983416004
2,"[2, 7]",0.9070987156873651,True,0.8708876523194029,0.9433097790553273
2,"[4, 9]",0.9068028236139223,True,0.871527762714031,0.9420778845138135
2,"[4, 12]",0.9067948503281407,True,0.8777408133597745,0.935848887296507
2,"[6, 8]",0.9066350187973488,True,0.8716653144915885,0.941604723103109
2,"[3, 9]",0.9061038291362506,True,0.8730491418255942,0.9391585164469072
2,"[2, 3]",0.9060087852878547,True,0.8758451242468405,0.9361724463288688
2,"[4, 7]",0.9055279031891997,True,0.8748944960605471,0.9361613103178523
2,"[6, 7]",0.9049896304313114,True,0.8678059254413168,0.9421733354213059
2,"[6, 10]",0.904684743931854,True,0.8747224864477366,0.9346470014159715
2,"[9, 11]",0.9043375485076632,True,0.8698598835504381,0.9388152134648883
2,"[1, 12]",0.9041605476789185,True,0.8727295254270513,0.9355915699307856
2,"[4, 10]",0.9040264445862445,True,0.872697693146552,0.9353551960259369
2,"[2, 11]",0.9029921485335597,True,0.8689627469176954,0.9370215501494241
2,"[3, 12]",0.9016920262008417,True,0.8663123511779965,0.9370717012236868
2,"[1, 2]",0.9000017133585013,True,0.8661680035703669,0.9338354231466357
2,"[2, 4]",0.8990699499716278,True,0.8620256890737672,0.9361142108694884
2,"[6, 12]",0.8990083149052739,True,0.8592506855742278,0.93876594423632
2,"[3, 4]",0.8987095282473965,True,0.8659464436314328,0.93147261286336
2,"[1, 4]",0.895613570876519,True,0.8653972748591373,0.9258298668939008
2,"[4, 11]",0.8926345909798362,True,0.853280963618426,0.9319882183412465
2,"[6, 11]",0.8920506293628101,True,0.8488959095686979,0.9352053491569224
2,"[1, 3]",0.8913166116258238,True,0.8564324361883865,0.926200787063261
2,"[2, 9]",0.8901241961524389,True,0.8518433850634134,0.9284050072414645
2,"[5, 13]",0.8899144960634582,True,0.851167587681794,0.9286614044451222
2,"[4, 6]",0.883091320266261,True,0.8369327104552707,0.9292499300772513
2,"[1, 6]",0.8820411372888268,True,0.8372747352991353,0.9268075392785184
2,"[7, 13]",0.8818449166875917,True,0.8342676839913161,0.9294221493838672
2,"[3, 6]",0.8809137456437333,True,0.8359181600668963,0.9259093312205702
2,"[8, 13]",0.8786784086537194,True,0.8285710507880852,0.9287857665193536
2,"[10, 13]",0.8757713974962751,True,0.831136962588733,0.920405832403817
2,"[6, 9]",0.8721425606887321,True,0.8203829078626419,0.9239022135148224
2,"[11, 13]",0.8692684111905541,True,0.8192420264170781,0.9192947959640301
2,"[12, 13]",0.8633413415414071,True,0.8082168905155875,0.9184657925672266
2,"[9, 13]",0.863234058283538,True,0.8067500234105894,0.9197180931564867
2,"[4, 13]",0.8521415066133629,True,0.7972319434192374,0.9070510698074882
2,"[1, 13]",0.8382356912759013,True,0.7767660437605047,0.8997053387912977
2,"[2, 13]",0.8364148314975044,True,0.7729732947281032,0.8998563682669057
2,"[3, 13]",0.8350694697972361,True,0.7697690796010321,0.90036985999344
2,"[2, 6]",0.8194571428052216,True,0.7504106357042798,0.8885036499061635
2,"[6, 13]",0.8048025498682866,True,0.7254586764576636,0.8841464232789096
3,"[2, 5, 8]",0.944459165724561,True,0.9270716968256859,0.9618466346234361
3,"[7, 9, 12]",0.9429836277595611,True,0.9245297318866472,0.9614375236324749
3,"[5, 9, 12]",0.9428469723967211,True,0.9255211307970165,0.9601728139964257
3,"[3, 5, 7]",0.9416876088436208,True,0.9271398807287187,0.9562353369585228
3,"[2, 5, 12]",0.9416217569998373,True,0.9220833423591487,0.9611601716405258
3,"[5, 6, 8]",0.9408338836694139,True,0.9218724490653014,0.9597953182735264
3,"[2, 3, 5]",0.9408284911669176,True,0.9221757572778789,0.9594812250559563
3,"[2, 7, 8]",0.9408229012343589,True,0.9212431370854794,0.9604026653832383
3,"[2, 8, 10]",0.9408139810791496,True,0.9228050020229492,0.95882296013535
3,"[2, 8, 11]",0.9401512335853695,True,0.9207826365481344,0.9595198306226046
3,"[1, 5, 8]",0.9394165375967221,True,0.9241175333254144,0.9547155418680299
3,"[5, 7, 12]",0.9392406690089521,True,0.9244218231192953,0.954059514898609
3,"[7, 8, 12]",0.9390077752674929,True,0.9220495140893659,0.95596603644562
3,"[6, 7, 8]",0.9384559905684595,True,0.9186985482690784,0.9582134328678408
3,"[1, 5, 9]",0.9384333676469729,True,0.9193095518290407,0.957557183464905
3,"[5, 6, 12]",0.9384261000810502,True,0.9171357466480157,0.9597164535140847
3,"[2, 7, 12]",0.9383458096827891,True,0.9169829818377345,0.9597086375278437
3,"[3, 7, 12]",0.9381642015886535,True,0.920622285778336,0.9557061173989709
3,"[3, 7, 8]",0.938044467096643,True,0.9212660524806286,0.9548228817126574
3,"[3, 5, 9]",0.9380054071445001,True,0.9195332718717454,0.9564775424172549
3,"[1, 7, 8]",0.9377745167403644,True,0.9206124604740297,0.9549365730066991
3,"[5, 8, 9]",0.937714573235308,True,0.9194275165250614,0.9560016299455546
3,"[2, 3, 7]",0.9376021204368944,True,0.9176301479200575,0.9575740929537313
3,"[5, 7, 8]",0.9375729997129756,True,0.9216652802717437,0.9534807191542074
3,"[1, 3, 7]",0.9374351257792998,True,0.9204387570784641,0.9544314944801354
3,"[3, 7, 10]",0.9372980361955691,True,0.9207144476525337,0.9538816247386044
3,"[5, 8, 12]",0.9370819137685251,True,0.9198359680840714,0.9543278594529787
3,"[3, 5, 8]",0.9370035312141625,True,0.9200962175102689,0.953910844918056
3,"[6, 7, 12]",0.9369860885327654,True,0.9157922062513977,0.9581799708141333
3,"[2, 8, 12]",0.9368746988340211,True,0.9136331026123089,0.9601162950557331
3,"[3, 7, 9]",0.9368414836397327,True,0.9176050661073456,0.9560779011721199
3,"[6, 8, 10]",0.9367590756993911,True,0.9186420428176425,0.9548761085811398
3,"[3, 5, 12]",0.9366946620056777,True,0.918626312921044,0.9547630110903115
3,"[1, 3, 5]",0.9366526064996876,True,0.9197953347019365,0.9535098782974388
3,"[9, 10, 12]",0.936365383604392,True,0.9138689178035193,0.9588618494052648
3,"[5, 8, 10]",0.9361573541690502,True,0.9187625418058912,0.9535521665322092
3,"[1, 2, 8]",0.9360896332508346,True,0.9143180630565289,0.9578612034451405
3,"[5, 8, 13]",0.9359473424873408,True,0.9172394011732309,0.9546552838014508
3,"[3, 5, 10]",0.9357202394101927,True,0.918490304579858,0.9529501742405272
3,"[7, 8, 9]",0.9354806115277532,True,0.9148932064273035,0.9560680166282027
3,"[3, 5, 11]",0.9351154287808957,True,0.9173253582746158,0.9529054992871756
3,"[2, 9, 12]",0.9351033401329187,True,0.912818754954974,0.9573879253108635
3,"[7, 8, 10]",0.93496487025969,True,0.9165550547454018,0.9533746857739782
3,"[1, 5, 10]",0.9349499818099027,True,0.9169126138140137,0.9529873498057917
3,"[2, 11, 12]",0.9349184631448317,True,0.9119398640683684,0.9578970622212951
3,"[1, 5, 12]",0.9347072326314346,True,0.9183801312131746,0.9510343340496946
3,"[5, 8, 11]",0.9346471964842564,True,0.9166514357110634,0.9526429572574493
3,"[8, 9, 12]",0.9343893015811775,True,0.9104906224476195,0.9582879807147354
3,"[5, 11, 12]",0.9343890374020123,True,0.9156373605406153,0.9531407142634093
3,"[2, 4, 8]",0.9343351336382262,True,0.9104179562500296,0.9582523110264227
3,"[1, 7, 9]",0.9340877690521737,True,0.9110303115521927,0.9571452265521547
3,"[8, 9, 10]",0.9338574019355026,True,0.9117918748621269,0.9559229290088784
3,"[1, 5, 7]",0.9337807409349109,True,0.9163959468149633,0.9511655350548586
3,"[7, 8, 13]",0.9335214508302466,True,0.9120980799495926,0.9549448217109007
3,"[1, 9, 10]",0.9335208784336406,True,0.9104525001771717,0.9565892566901095
3,"[1, 2, 5]",0.9334724311004614,True,0.9105165850512051,0.9564282771497177
3,"[3, 7, 11]",0.933367512775661,True,0.9140056775407431,0.9527293480105788
3,"[5, 10, 12]",0.9333034710567885,True,0.9140548955757866,0.9525520465377902
3,"[1, 7, 12]",0.933223711023047,True,0.9149772130437983,0.9514702090022956
3,"[3, 5, 6]",0.9331368594758906,True,0.910515922881282,0.9557577960704993
3,"[2, 10, 12]",0.9331205467737058,True,0.909709081097255,0.9565320124501567
3,"[1, 8, 9]",0.9329436344489248,True,0.9092149698267915,0.9566722990710582
3,"[5, 12, 13]",0.9328574294745758,True,0.9131209979990373,0.9525938609501143
3,"[2, 3, 10]",0.9327906329129879,True,0.9142855812786531,0.9512956845473227
3,"[3, 4, 7]",0.932645480839712,True,0.9129947858288596,0.9522961758505644
3,"[5, 6, 10]",0.9325860165650137,True,0.9093372451047693,0.9558347880252582
3,"[2, 5, 10]",0.9325530244672129,True,0.9076298057281313,0.9574762432062945
3,"[1, 5, 11]",0.9325017086066033,True,0.9132991131468304,0.9517043040663762
3,"[1, 5, 6]",0.9324821259277747,True,0.9090110795010813,0.9559531723544681
3,"[1, 9, 12]",0.9323218900760656,True,0.9078410391710184,0.9568027409811127
3,"[1, 8, 11]",0.9323203173182071,True,0.9113618862880828,0.9532787483483314
3,"[7, 10, 12]",0.9321006931740129,True,0.9120672330108832,0.9521341533371426
3,"[2, 8, 9]",0.932089091494732,True,0.9107695669271041,0.9534086160623597
3,"[7, 8, 11]",0.9319441316688597,True,0.9112002657640491,0.9526879975736702
3,"[3, 6, 7]",0.931883809012162,True,0.9089010282413053,0.9548665897830185
3,"[9, 11, 12]",0.9318418539046137,True,0.9076354494086024,0.956048258400625
3,"[3, 4, 5]",0.9318329124242148,True,0.9130929614692109,0.9505728633792189
3,"[2, 3, 11]",0.9318015108585136,True,0.9109815158029111,0.952621505914116
3,"[1, 7, 10]",0.9317367326736946,True,0.9107763215719813,0.9526971437754079
3,"[6, 8, 11]",0.9317166293668682,True,0.9080033078535161,0.9554299508802202
3,"[5, 9, 10]",0.9316524033665403,True,0.9078144962828907,0.9554903104501898
3,"[7, 9, 10]",0.9314187198706392,True,0.9071474802067642,0.9556899595345142
3,"[7, 12, 13]",0.9313851001702129,True,0.910249326804273,0.9525208735361528
3,"[1, 8, 10]",0.9311991301213949,True,0.9128232587609777,0.949575001481812
3,"[6, 10, 12]",0.9311548887783498,True,0.9086805738912875,0.9536292036654123
3,"[2, 8, 13]",0.9309220383256693,True,0.9058828094287951,0.9559612672225437
3,"[2, 3, 8]",0.9309029844320892,True,0.9080876115551219,0.9537183573090565
3,"[2, 9, 10]",0.9308756058894937,True,0.9073827329427717,0.9543684788362157
3,"[4, 9, 12]",0.9307741908305691,True,0.9058248133040399,0.9557235683570983
3,"[2, 5, 9]",0.9304028738389406,True,0.9071957071490764,0.9536100405288048
3,"[4, 5, 12]",0.9303071504095535,True,0.9118658840678097,0.9487484167512973
3,"[1, 5, 13]",0.9302169390523254,True,0.9119871588251462,0.9484467192795045
3,"[5, 7, 9]",0.930172813133858,True,0.9076700512436455,0.9526755750240705
3,"[4, 5, 8]",0.9300356264676894,True,0.910356212976101,0.949715039959278
3,"[3, 9, 10]",0.9299369748410291,True,0.9082254735152114,0.9516484761668469
3,"[7, 11, 12]",0.9298890576474454,True,0.9082859774768794,0.9514921378180113
3,"[6, 9, 10]",0.9298249001562174,True,0.9060226467361829,0.9536271535762519
3,"[6, 7, 10]",0.9296798963650107,True,0.9052147736710694,0.954145019058952
3,"[9, 12, 13]",0.9293795011566658,True,0.9023644530519153,0.9563945492614163
3,"[1, 2, 10]",0.9291093268948118,True,0.9045618446184182,0.9536568091712054
3,"[8, 10, 11]",0.9291034331995305,True,0.9073933116297673,0.9508135547692935
3,"[5, 9, 13]",0.9290533000159151,True,0.905360083315888,0.9527465167159421
3,"[5, 7, 10]",0.9290339710163722,True,0.9067856754456378,0.9512822665871065
3,"[1, 6, 7]",0.9287257355008405,True,0.9021732560384964,0.9552782149631847
3,"[5, 6, 7]",0.9286392419545001,True,0.9033234381705862,0.9539550457384139
3,"[3, 9, 12]",0.9285748800826743,True,0.902538746849724,0.9546110133156245
3,"[2, 7, 10]",0.9285411462138875,True,0.9013997494378244,0.9556825429899505
3,"[3, 8, 10]",0.9282709140565943,True,0.9085487629873344,0.9479930651258541
3,"[8, 9, 11]",0.9281193080716644,True,0.9040820923626522,0.9521565237806766
3,"[4, 7, 12]",0.9280365688926353,True,0.9080391117386141,0.9480340260466564
3,"[5, 6, 9]",0.9279876485512121,True,0.9019412599424705,0.9540340371599536
3,"[8, 11, 12]",0.9278768356088352,True,0.9038196082804881,0.9519340629371823
3,"[2, 3, 4]",0.9278559894863156,True,0.9035284490786808,0.9521835298939505
3,"[2, 4, 12]",0.9278471505023822,True,0.9017183283318313,0.9539759726729332
3,"[3, 8, 11]",0.9278370926807193,True,0.9056381070669975,0.9500360782944413
3,"[6, 9, 12]",0.9276957759016982,True,0.8995451752934139,0.9558463765099824
3,"[6, 11, 12]",0.9276083454981087,True,0.9005620439536839,0.9546546470425334
3,"[8, 10, 12]",0.9276062126931457,True,0.9057578031303384,0.949454622255953
3,"[3, 7, 13]",0.9275479868510257,True,0.9046298371033769,0.9504661365986744
3,"[1, 6, 10]",0.9275437305831828,True,0.9046706226977647,0.9504168384686011
3,"[6, 8, 12]",0.9272458253001339,True,0.8992134121360631,0.9552782384642048
3,"[4, 7, 8]",0.9271112713034864,True,0.9041855866800227,0.9500369559269501
3,"[2, 3, 12]",0.9267303426659367,True,0.8998787942997516,0.9535818910321218
3,"[1, 6, 8]",0.926676823137536,True,0.900662049613173,0.952691596661899
3,"[5, 7, 13]",0.926667334019547,True,0.9041738646001476,0.9491608034389466
3,"[3, 5, 13]",0.9266425097179569,True,0.9041500635825385,0.9491349558533754
3,"[2, 5, 7]",0.9264949022224194,True,0.8991402044351033,0.9538496000097354
3,"[5, 10, 13]",0.9261893878991467,True,0.9028160095364719,0.9495627662618217
3,"[8, 10, 13]",0.9258897234145971,True,0.9034615856390158,0.9483178611901782
3,"[2, 5, 11]",0.9258805684788551,True,0.8996972401400638,0.9520638968176466
3,"[1, 10, 11]",0.9257937286451523,True,0.9007556596705503,0.9508317976197543
3,"[4, 8, 9]",0.9257596416179826,True,0.8986524446569752,0.95286683857899
3,"[3, 10, 11]",0.9256211589040407,True,0.9036989068307898,0.9475434109772917
3,"[8, 9, 13]",0.9255895020595999,True,0.8981968270285177,0.9529821770906822
3,"[3, 8, 9]",0.9255881544279361,True,0.9000795912413453,0.9510967176145267
3,"[3, 6, 10]",0.9254043739608012,True,0.9039285926273055,0.9468801552942969
3,"[1, 11, 12]",0.9253631486447813,True,0.9011754816933257,0.9495508155962368
3,"[1, 2, 7]",0.925317766969695,True,0.8958043517071042,0.9548311822322858
3,"[7, 10, 13]",0.9252867044568498,True,0.9002436244743381,0.9503297844393616
3,"[4, 8, 10]",0.9251473144271377,True,0.9027030042233659,0.9475916246309095
3,"[1, 2, 3]",0.9250937623815537,True,0.9018629816159127,0.9483245431471947
3,"[6, 8, 9]",0.9249324112405706,True,0.8975387467945163,0.9523260756866249
3,"[1, 7, 13]",0.9249319231026609,True,0.9008794406588634,0.9489844055464585
3,"[1, 3, 11]",0.9249053647847281,True,0.901537685842472,0.9482730437269843
3,"[1, 7, 11]",0.924894832459242,True,0.89948583524506,0.950303829673424
3,"[1, 4, 5]",0.9248802617579568,True,0.9060026396459465,0.9437578838699672
3,"[2, 3, 9]",0.9248545798071727,True,0.9020783716757119,0.9476307879386334
3,"[7, 9, 13]",0.9246117266443201,True,0.8963960596449402,0.9528273936437001
3,"[1, 2, 11]",0.9245516323739776,True,0.8980118355622646,0.9510914291856907
3,"[3, 11, 12]",0.9244775968585929,True,0.8993382026074795,0.9496169911097062
3,"[1, 2, 12]",0.9242206418582652,True,0.8953164836112857,0.9531248001052449
3,"[2, 5, 13]",0.9240279795415147,True,0.8961850304381159,0.9518709286449136
3,"[1, 4, 8]",0.9239407583997661,True,0.9026849106062957,0.9451966061932363
3,"[4, 7, 9]",0.9238796199579801,True,0.8953224822966378,0.9524367576193223
3,"[2, 10, 11]",0.9238729261185865,True,0.8955852865485618,0.9521605656886112
3,"[1, 9, 11]",0.9237292624211486,True,0.8967134215443445,0.9507451032979527
3,"[3, 10, 12]",0.9236931777767305,True,0.901239013487852,0.9461473420656092
3,"[5, 10, 11]",0.9236176463361327,True,0.8978164088144516,0.9494188838578138
3,"[5, 9, 11]",0.9236105249611046,True,0.8980143082789426,0.9492067416432668
3,"[1, 3, 9]",0.9235388463128849,True,0.8974729290429667,0.9496047635828029
3,"[4, 5, 10]",0.9234557962191382,True,0.8988467608639402,0.9480648315743362
3,"[2, 4, 9]",0.9234251577924246,True,0.8941054777562625,0.9527448378285869
3,"[10, 11, 12]",0.9233164097673052,True,0.8975104868762511,0.9491223326583594
3,"[1, 3, 10]",0.9232084236746516,True,0.9034284414202267,0.9429884059290766
3,"[4, 5, 9]",0.9231368891794967,True,0.8961257978377539,0.9501479805212393
3,"[8, 11, 13]",0.9230858671782591,True,0.8968454802932591,0.9493262540632591
3,"[3, 9, 11]",0.9230011856749811,True,0.8978417302049736,0.9481606411449885
3,"[1, 4, 9]",0.9226704219735657,True,0.8944579022589713,0.9508829416881603
3,"[1, 10, 12]",0.9226136998850973,True,0.9006306979199841,0.9445967018502106
3,"[1, 2, 9]",0.9222999675973533,True,0.8955242919188904,0.9490756432758164
3,"[3, 4, 10]",0.9221532779149781,True,0.9005896492701068,0.9437169065598494
3,"[2, 12, 13]",0.9221486581519229,True,0.8931068737506324,0.9511904425532135
3,"[9, 10, 13]",0.921890302114588,True,0.893952381889495,0.949828222339681
3,"[4, 6, 8]",0.9218577364051769,True,0.8921831162313295,0.9515323565790242
3,"[5, 6, 11]",0.9216415044140158,True,0.8919677705931869,0.9513152382348447
3,"[2, 7, 9]",0.9216258505968428,True,0.893546032614486,0.9497056685791996
3,"[2, 6, 8]",0.9216201778505876,True,0.8947383580902964,0.9485019976108787
3,"[3, 4, 9]",0.9215847279365919,True,0.8941255033246733,0.9490439525485103
3,"[2, 4, 5]",0.9215087825851986,True,0.8915542814377333,0.9514632837326639
3,"[4, 8, 11]",0.9213786425688262,True,0.8948771528849849,0.9478801322526675
3,"[2, 4, 10]",0.9212505199168204,True,0.8916994994609909,0.9508015403726497
3,"[1, 4, 7]",0.9211641949039563,True,0.8986748484487433,0.9436535413591692
3,"[6, 7, 9]",0.9211195694703578,True,0.8914138378049397,0.950825301135776
3,"[3, 4, 8]",0.9209014322167764,True,0.8953759985833625,0.9464268658501904
3,"[1, 8, 13]",0.920759568948714,True,0.8942796693371645,0.9472394685602636
3,"[4, 9, 10]",0.9203629269259488,True,0.889575539279951,0.9511503145719465
3,"[5, 11, 13]",0.920165229006793,True,0.8952945585136831,0.9450358994999027
3,"[4, 8, 12]",0.9200990159415493,True,0.8942877815086879,0.9459102503744107
3,"[1, 9, 13]",0.9199052532479943,True,0.891683921206045,0.9481265852899435
3,"[7, 10, 11]",0.9197343630484218,True,0.8916402615771382,0.9478284645197056
3,"[4, 7, 10]",0.9197052222618471,True,0.8932327091335159,0.9461777353901784
3,"[1, 6, 11]",0.9196953582198786,True,0.8892484467942888,0.9501422696454683
3,"[8, 12, 13]",0.9196342931812733,True,0.8902815440768503,0.9489870422856963
3,"[2, 9, 11]",0.9195836183389425,True,0.8929448172813989,0.9462224193964862
3,"[6, 10, 11]",0.9195467994200699,True,0.8898416448736115,0.9492519539665284
3,"[1, 8, 12]",0.9194758230067153,True,0.892379694868311,0.9465719511451194
3,"[4, 10, 12]",0.9193298180256597,True,0.8950180518727193,0.9436415841786001
3,"[9, 10, 11]",0.919316585705025,True,0.8889360368756272,0.9496971345344226
3,"[5, 6, 13]",0.919312267367377,True,0.8880078278901444,0.9506167068446096
3,"[3, 4, 11]",0.9189260277681484,True,0.89299828897024,0.9448537665660568
3,"[5, 7, 11]",0.918875308183088,True,0.8926652766182201,0.9450853397479558
3,"[3, 6, 8]",0.9188534721664243,True,0.8901870674729035,0.947519876859945
3,"[7, 9, 11]",0.9187621817954451,True,0.8894832174147129,0.9480411461761773
3,"[1, 3, 8]",0.918746973872028,True,0.8919247928410889,0.945569154902967
3,"[2, 6, 12]",0.9187090721748274,True,0.8892794313441725,0.9481387130054822
3,"[3, 8, 12]",0.9186541884993401,True,0.8893647018889026,0.9479436751097776
3,"[4, 11, 12]",0.9183641747601082,True,0.890829008159442,0.9458993413607745
3,"[1, 10, 13]",0.9183179415891385,True,0.8937889211618388,0.942846962016438
3,"[6, 8, 13]",0.9181473593161262,True,0.8861300147747669,0.9501647038574856
3,"[11, 12, 13]",0.917959065009113,True,0.8891607510629633,0.9467573789552625
3,"[1, 6, 12]",0.9175178579994268,True,0.8863977329487109,0.9486379830501425
3,"[3, 6, 11]",0.9175172955965571,True,0.8880071628444977,0.9470274283486166
3,"[4, 5, 7]",0.9173987206339492,True,0.8917618119824552,0.9430356292854433
3,"[4, 6, 12]",0.9173444650715279,True,0.8862167461125353,0.9484721840305206
3,"[2, 10, 13]",0.9172423746179085,True,0.8883746460376746,0.9461101031981424
3,"[1, 2, 4]",0.9171077473568174,True,0.8872395358965149,0.94697595881712
3,"[1, 4, 10]",0.9171016354025417,True,0.8928035653632391,0.9413997054418444
3,"[10, 12, 13]",0.9169638672294159,True,0.8899575526164701,0.9439701818423617
3,"[4, 5, 13]",0.916666158951225,True,0.8930225846684725,0.9403097332339775
3,"[2, 6, 10]",0.9166238211185145,True,0.8890961858847929,0.944151456352236
3,"[3, 4, 12]",0.916545479710808,True,0.8895635990806152,0.9435273603410008
3,"[1, 11, 13]",0.9163406535409924,True,0.8890537522863118,0.943627554795673
3,"[3, 6, 12]",0.916163886507597,True,0.8840636743456737,0.9482640986695203
3,"[2, 7, 11]",0.9160189932246361,True,0.883389291056814,0.9486486953924582
3,"[6, 7, 11]",0.9159792334854827,True,0.882983590051996,0.9489748769189694
3,"[1, 6, 9]",0.9156766907138443,True,0.8836887799992721,0.9476646014284165
3,"[4, 8, 13]",0.915540829023443,True,0.8869502996274007,0.9441313584194853
3,"[2, 4, 7]",0.9154048801046515,True,0.8815247213102201,0.949285038899083
3,"[2, 7, 13]",0.9151737247495977,True,0.8810570514583814,0.9492903980408138
3,"[2, 5, 6]",0.9147897174142159,True,0.8843503486064969,0.945229086221935
3,"[4, 6, 9]",0.9144784713389162,True,0.8789660233972687,0.9499909192805638
3,"[4, 5, 11]",0.9138366618713825,True,0.8857122857753041,0.9419610379674607
3,"[2, 3, 13]",0.9138339558551929,True,0.8852752091533431,0.9423927025570428
3,"[6, 7, 13]",0.9133197081955865,True,0.8786699982318253,0.9479694181593477
3,"[4, 5, 6]",0.9133093053391135,True,0.8791889125197712,0.9474296981584559
3,"[3, 6, 9]",0.9132357424105713,True,0.8802932936306449,0.9461781911904977
3,"[2, 4, 11]",0.9131695295341843,True,0.8812878929689357,0.9450511660994328
3,"[6, 9, 11]",0.9130809430988693,True,0.8807504796100619,0.9454114065876769
3,"[1, 4, 11]",0.9130622410718706,True,0.883465268825968,0.9426592133177732
3,"[1, 4, 12]",0.913045346693742,True,0.8892905793098181,0.9368001140776661
3,"[10, 11, 13]",0.9126882073069833,True,0.8815176966576547,0.943858717956312
3,"[1, 3, 4]",0.9125144806193399,True,0.8862338792394061,0.9387950819992738
3,"[7, 11, 13]",0.9122501956763791,True,0.8808638028621893,0.943636588490569
3,"[1, 3, 6]",0.9122448461683614,True,0.8822160659959556,0.9422736263407672
3,"[4, 6, 10]",0.9121553067270654,True,0.8795905280900894,0.9447200853640412
3,"[4, 6, 7]",0.9120541914382791,True,0.8767394915157076,0.9473688913608507
3,"[3, 4, 6]",0.9119826313179298,True,0.87917507725876,0.9447901853770997
3,"[4, 10, 11]",0.9117365347532911,True,0.8794024035761058,0.9440706659304765
3,"[4, 9, 13]",0.9113238251555149,True,0.8770697403863726,0.9455779099246572
3,"[4, 7, 13]",0.9111268757260786,True,0.8828885736509567,0.9393651778012007
3,"[3, 10, 13]",0.9105784836668305,True,0.8833530996818166,0.9378038676518443
3,"[3, 8, 13]",0.910065746994511,True,0.8784397419200736,0.9416917520689485
3,"[4, 10, 13]",0.9098941314290716,True,0.8807342012427914,0.9390540616153518
3,"[6, 10, 13]",0.9098649572154889,True,0.8791147912265607,0.9406151232044171
3,"[2, 3, 6]",0.9098034913120938,True,0.8792270041496977,0.9403799784744898
3,"[3, 11, 13]",0.9096507638356696,True,0.8791143036344555,0.9401872240368836
3,"[4, 12, 13]",0.9095443803283865,True,0.8801672315430683,0.9389215291137046
3,"[3, 9, 13]",0.9093157661765339,True,0.8765588355150483,0.9420726968380193
3,"[9, 11, 13]",0.9092691306229546,True,0.8756803667756975,0.9428578944702117
3,"[6, 12, 13]",0.909169609668453,True,0.8725547794531927,0.9457844398837131
3,"[1, 3, 12]",0.9090695827865023,True,0.8777736408059839,0.9403655247670206
3,"[2, 11, 13]",0.9089078887476396,True,0.8763889369574055,0.9414268405378738
3,"[2, 9, 13]",0.9083059731207428,True,0.8754137197802029,0.9411982264612827
3,"[1, 2, 13]",0.9081078632585435,True,0.8751381102522884,0.9410776162647987
3,"[1, 4, 6]",0.9077303443649543,True,0.8731966479418296,0.942264040788079
3,"[2, 4, 13]",0.9065184354712132,True,0.8701784021261084,0.9428584688163182
3,"[4, 9, 11]",0.9057077757628134,True,0.868833621626129,0.9425819298994977
3,"[4, 7, 11]",0.9051351380623638,True,0.8717264477381234,0.9385438283866042
3,"[2, 6, 7]",0.9049329607933987,True,0.86836596971319,0.9414999518736072
3,"[1, 12, 13]",0.903533772106569,True,0.8696287610975892,0.9374387831155488
3,"[3, 12, 13]",0.9023969110773593,True,0.8657834329385489,0.9390103892161699
3,"[2, 4, 6]",0.9016410518831748,True,0.8645135823989718,0.9387685213673778
3,"[1, 4, 13]",0.901224554041038,True,0.8712956991962879,0.931153408885788
3,"[3, 4, 13]",0.9004993260551724,True,0.8677374383647847,0.93326121374556
3,"[6, 9, 13]",0.9003165946906602,True,0.8576320706901318,0.9430011186911884
3,"[2, 6, 11]",0.8989820220041693,True,0.8641520205691473,0.9338120234391913
3,"[6, 11, 13]",0.8984272147024632,True,0.8580708321859427,0.9387835972189837
3,"[4, 6, 11]",0.8979577159033887,True,0.8560321197384091,0.9398833120683683
3,"[4, 11, 13]",0.8970829124751949,True,0.8632116298173901,0.9309541951329996
3,"[1, 2, 6]",0.8969749199881806,True,0.8601086465237905,0.9338411934525707
3,"[1, 6, 13]",0.8955939239824315,True,0.8544703414709329,0.9367175064939303
3,"[3, 6, 13]",0.895256795108011,True,0.8549177303963856,0.9355958598196364
3,"[1, 3, 13]",0.8913836489991913,True,0.8544116537491603,0.9283556442492222
3,"[4, 6, 13]",0.8903790536751599,True,0.8456375973607501,0.9351205099895696
3,"[2, 6, 9]",0.8753058762521355,True,0.8301863686675595,0.9204253838367117
3,"[2, 6, 13]",0.865383689459808,True,0.8135063059449693,0.9172610729746468
